model,task,horizon_hours,aqi_bucket,n_samples,rmse,mae,mape
ARIMA,h1,1,0-35,2093,8.450533319985874,3.032328561884903,21.574494194896733
ARIMA,h1,1,35-75,1436,8.954013315952311,4.906906104996694,9.3485369948802
ARIMA,h1,1,75-115,913,9.710585299938337,5.808915877467681,6.306241847675233
ARIMA,h1,1,115-150,346,14.551180299772739,8.833881224165156,6.809462563079382
ARIMA,h1,1,>150,516,22.00367893355382,10.684749510605004,5.393010025274737
ARIMA,seq6,1,0-35,2093,14.498708469149015,5.444327940781749,35.9976212213519
ARIMA,seq6,1,35-75,1430,16.878062873506494,9.7138262691695,18.34546379922276
ARIMA,seq6,1,75-115,913,17.49752126117437,11.579629659716405,12.55890891288163
ARIMA,seq6,1,115-150,346,23.62948699706476,16.055079081619315,12.370583605190205
ARIMA,seq6,1,>150,516,32.91229196392212,18.63101154247541,9.491397731752429
ARIMA,seq6,2,0-35,2092,20.455289826751304,8.785452077491499,63.36953035438512
ARIMA,seq6,2,35-75,1431,22.443789260355043,12.93758482108366,24.515292142845848
ARIMA,seq6,2,75-115,913,22.56466643976312,15.86639213335071,17.127055908103863
ARIMA,seq6,2,115-150,346,29.779338316817707,22.286043909935586,17.12079308516964
ARIMA,seq6,2,>150,516,41.285036981675056,26.906728769335,13.643841896541598
ARIMA,seq6,3,0-35,2091,26.170829755449258,12.390684349721148,95.55395314744925
ARIMA,seq6,3,35-75,1432,24.16211976600484,15.147921204267371,28.827801036202278
ARIMA,seq6,3,75-115,913,26.097142119131,19.232826015288623,20.746772072717558
ARIMA,seq6,3,115-150,346,35.35014114812719,28.027085224457714,21.557725896582742
ARIMA,seq6,3,>150,516,49.527470609115014,35.74362005434317,18.03041805329389
ARIMA,seq6,4,0-35,2090,29.845781158695747,15.812676666193251,126.8251851066954
ARIMA,seq6,4,35-75,1433,26.792333037641527,17.008039655062138,32.510222058195545
ARIMA,seq6,4,75-115,913,27.968428216198852,21.476035064730954,23.141903772954482
ARIMA,seq6,4,115-150,346,40.111571813410464,33.116668117747665,25.475374452095643
ARIMA,seq6,4,>150,516,57.671523598496364,44.59090137467911,22.449895313919964
ARIMA,seq6,5,0-35,2089,33.30761448742081,19.184062802641407,156.70630061157112
ARIMA,seq6,5,35-75,1434,27.67583040260175,17.844899160025832,34.13158509177636
ARIMA,seq6,5,75-115,913,29.104309587225092,23.082687776476792,24.91287425229579
ARIMA,seq6,5,115-150,346,44.72507688050379,37.69698261075175,28.973271013376184
ARIMA,seq6,5,>150,516,65.307653882012,53.01189778144506,26.65510504180595
ARIMA,seq6,6,0-35,2088,36.02190442260226,22.22950541949145,185.34137154199644
ARIMA,seq6,6,35-75,1435,28.265773328563363,18.36835011731095,35.203513617205964
ARIMA,seq6,6,75-115,913,29.923820560619852,24.483936649275545,26.369324330664558
ARIMA,seq6,6,115-150,346,48.95117713647796,41.844206431008125,32.05576207518772
ARIMA,seq6,6,>150,516,72.00792497923537,60.18419852802357,30.1651770596256
LSTM,h1,1,0-35,2071,7.770405944682822,2.899155046904162,19.965440916619475
LSTM,h1,1,35-75,1406,8.064280078112244,5.127079109039958,9.913540468764394
LSTM,h1,1,75-115,913,9.162407293094242,5.499599183114961,5.96992409357119
LSTM,h1,1,115-150,346,14.239879837900387,8.918609398637892,6.8583931384852015
LSTM,h1,1,>150,516,23.190450383230996,12.006094483442086,5.887419256855757
LSTM,seq6,1,0-35,2055,8.810679655700149,5.275322293887173,37.07425912534029
LSTM,seq6,1,35-75,1393,14.80902475211449,11.461839799819366,21.89522823372293
LSTM,seq6,1,75-115,913,20.23707323100866,16.270557310599486,17.564747692358118
LSTM,seq6,1,115-150,346,32.304077677891044,25.41377372962202,19.480684203392943
LSTM,seq6,1,>150,516,64.28755401592535,54.76089334487915,26.135033681155395
LSTM,seq6,2,0-35,2054,11.897331911643036,6.240097621863866,43.436574795525964
LSTM,seq6,2,35-75,1394,16.982216190259276,12.686864825540157,24.317198446157533
LSTM,seq6,2,75-115,913,20.73317128777693,16.585908401965572,17.956431228215315
LSTM,seq6,2,115-150,346,32.70014531494812,25.628131789279124,19.694369356429014
LSTM,seq6,2,>150,516,65.82876686092932,55.39558586593746,26.453924345807984
LSTM,seq6,3,0-35,2053,16.40817144293781,8.079205157172662,56.63595038546275
LSTM,seq6,3,35-75,1395,19.24605341938373,14.063969696892633,26.969536174804848
LSTM,seq6,3,75-115,913,22.03253166045301,17.325023744088014,18.692650372076663
LSTM,seq6,3,115-150,346,34.66428681389677,26.97335639027502,20.72612518760809
LSTM,seq6,3,>150,516,68.57260417789465,57.85983203917511,27.714689382945224
LSTM,seq6,4,0-35,2052,20.52853548604467,10.27515281943085,74.40009828464112
LSTM,seq6,4,35-75,1396,21.59195063004506,15.558471114724277,29.882511601247362
LSTM,seq6,4,75-115,913,23.586424986439553,18.14956347495807,19.555169571370833
LSTM,seq6,4,115-150,346,36.152605957270595,27.8542098558018,21.404699016507628
LSTM,seq6,4,>150,516,72.57726699464155,62.062821811483815,29.896438970817012
LSTM,seq6,5,0-35,2051,24.441782508308762,12.668446243245215,94.30800106362305
LSTM,seq6,5,35-75,1397,23.853545966776824,17.129169088649,32.95537514480074
LSTM,seq6,5,75-115,913,24.79367833139079,19.130483410052896,20.579359586241146
LSTM,seq6,5,115-150,346,38.53626421039904,29.748683714453197,22.832384326454346
LSTM,seq6,5,>150,516,76.37253713037566,65.96477710923483,31.923339557477437
LSTM,seq6,6,0-35,2051,28.072675626661937,15.261409602358189,115.89330364211001
LSTM,seq6,6,35-75,1397,25.395807393760787,18.26991743280278,35.251881412983124
LSTM,seq6,6,75-115,913,25.624616608223985,19.84449508391231,21.368548515117737
LSTM,seq6,6,115-150,346,40.77339819728706,31.622611186407894,24.241999534672882
LSTM,seq6,6,>150,516,81.00989106296454,71.11230596830679,34.615799664235276
Prophet,h1,1,0-35,2089,10.008580415232231,6.349770604681155,47.63736766935489
Prophet,h1,1,35-75,1435,10.030416358051705,6.369421519108797,12.392496223260608
Prophet,h1,1,75-115,913,9.826680737594588,6.091511688569173,6.626547520434167
Prophet,h1,1,115-150,346,13.857104233908965,8.266168413140589,6.385658863271764
Prophet,h1,1,>150,516,21.093691186262827,9.779716055007313,4.948852288174858
Prophet,seq6,1,0-35,2089,10.008580415232231,6.349770604681155,47.63736766935489
Prophet,seq6,1,35-75,1435,10.030416358051705,6.369421519108797,12.392496223260608
Prophet,seq6,1,75-115,913,9.826680737594588,6.091511688569173,6.626547520434167
Prophet,seq6,1,115-150,346,13.857104233908965,8.266168413140589,6.385658863271764
Prophet,seq6,1,>150,516,21.093691186262827,9.779716055007313,4.948852288174858
Prophet,seq6,2,0-35,2089,17.7212492871595,12.417060023386842,91.12849023066867
Prophet,seq6,2,35-75,1435,18.097974446991987,11.605640255091204,22.633915670012698
Prophet,seq6,2,75-115,913,16.008445477467138,10.718514540450228,11.684064003194583
Prophet,seq6,2,115-150,346,20.792270157479884,13.469734518630318,10.384177252589991
Prophet,seq6,2,>150,516,31.538471765598327,17.590503459522292,8.925189654371849
Prophet,seq6,3,0-35,2089,24.53033330165632,16.887746293336274,122.74689712260565
Prophet,seq6,3,35-75,1435,23.02506118395936,14.720999357663445,28.81920694403619
Prophet,seq6,3,75-115,913,19.982171393481956,13.890814408951321,15.070609500030423
Prophet,seq6,3,115-150,346,25.295404574288874,17.16633202101048,13.167378351417792
Prophet,seq6,3,>150,516,38.43247407632383,24.26465448309928,12.246786081901064
Prophet,seq6,4,0-35,2089,27.92886495969559,17.54461713920831,127.92891751656346
Prophet,seq6,4,35-75,1435,23.369035344534225,15.193739294234925,29.70189868216101
Prophet,seq6,4,75-115,913,22.428502305098515,16.23392490639019,17.540284109902124
Prophet,seq6,4,115-150,346,30.121553294374237,22.292222423030722,17.08612012899902
Prophet,seq6,4,>150,516,46.8971920052778,33.56389640490975,16.82947421824004
Prophet,seq6,5,0-35,2089,31.877592938006007,20.70231624267743,153.61783110517624
Prophet,seq6,5,35-75,1435,25.792874834713455,16.85171728150381,33.10074006817678
Prophet,seq6,5,75-115,913,23.53865844846299,17.569628278007105,18.982008801595633
Prophet,seq6,5,115-150,346,33.29232498334,26.14669668698289,20.052631818543208
Prophet,seq6,5,>150,516,53.662516546746765,40.84664863907123,20.438477668666387
Prophet,seq6,6,0-35,2088,33.60196580328986,21.51558091923613,161.54700260264028
Prophet,seq6,6,35-75,1435,25.804735800196397,16.90198036384142,33.096632793667595
Prophet,seq6,6,75-115,913,24.76276620930894,19.255874008198944,20.772483177544004
Prophet,seq6,6,115-150,346,38.20510174641766,31.749308044095393,24.32664430423503
Prophet,seq6,6,>150,516,62.48891145490665,50.64613426331885,25.322889018865013
Transformer,h1,1,0-35,2071,7.641827362480277,2.9233321602479205,20.379953024664268
Transformer,h1,1,35-75,1406,7.951187412920492,4.927834919133193,9.39741933924484
Transformer,h1,1,75-115,913,9.61208844699355,6.399028397859905,6.929931667056653
Transformer,h1,1,115-150,346,14.519500420955346,9.217640606654173,7.100995213627255
Transformer,h1,1,>150,516,23.618521622176782,13.232400328613991,6.503850351499377
Transformer,seq6,1,0-35,2055,9.642106676376088,6.451541350372226,46.789225166940035
Transformer,seq6,1,35-75,1393,12.219248625140697,9.017759658583445,17.282637824059154
Transformer,seq6,1,75-115,913,13.758004420776928,10.35606139225871,11.194612854403067
Transformer,seq6,1,115-150,346,20.083695368267826,14.377139582110278,11.003405107625378
Transformer,seq6,1,>150,516,41.883003092811414,28.410655644050863,13.554119538028983
Transformer,seq6,2,0-35,2054,12.929689066082695,7.57963741733942,53.32843172628492
Transformer,seq6,2,35-75,1394,16.624596708881928,11.329725426957118,21.800626144966415
Transformer,seq6,2,75-115,913,16.53503105963047,11.994426173683324,13.001698805309857
Transformer,seq6,2,115-150,346,23.061036958711984,16.292145933029968,12.547469283255724
Transformer,seq6,2,>150,516,45.36941627133942,31.02853293936382,14.960188994455894
Transformer,seq6,3,0-35,2053,17.78678032434047,9.514454498879804,65.77493361279372
Transformer,seq6,3,35-75,1395,19.85007432322137,13.476718772696765,26.053375061409756
Transformer,seq6,3,75-115,913,19.78938973120069,14.279255850291591,15.372410747945677
Transformer,seq6,3,115-150,346,26.25356155867565,18.747766108871197,14.432249680889193
Transformer,seq6,3,>150,516,50.46875610526921,36.016700486111084,17.480243142202625
Transformer,seq6,4,0-35,2052,22.00988662576305,11.487291578196178,80.79529916934051
Transformer,seq6,4,35-75,1396,22.5310828316145,15.388901376280197,29.912943780535038
Transformer,seq6,4,75-115,913,22.555706551079464,16.590752358243343,17.87886874948078
Transformer,seq6,4,115-150,346,29.69618921559816,21.76400625085555,16.76641298475624
Transformer,seq6,4,>150,516,56.163012899399995,42.179204201860024,20.537691536082516
Transformer,seq6,5,0-35,2051,25.80128805214535,13.489929643391052,96.34728833549848
Transformer,seq6,5,35-75,1397,24.89765218946406,17.211067018887785,33.5607078911652
Transformer,seq6,5,75-115,913,24.202143045961034,18.36354011564892,19.78150410589046
Transformer,seq6,5,115-150,346,32.69015982511005,24.702692445302976,19.043488863684267
Transformer,seq6,5,>150,516,61.949018083549156,48.80954791824947,23.885145360575727
Transformer,seq6,6,0-35,2051,29.221169414815385,15.737420625654098,114.08068582046435
Transformer,seq6,6,35-75,1397,26.09663193666695,18.221004754710215,35.60580168231704
Transformer,seq6,6,75-115,913,25.342287748005845,19.890943951309055,21.483314308538322
Transformer,seq6,6,115-150,346,36.4195965796469,28.600737205130518,22.079444550336163
Transformer,seq6,6,>150,516,67.83351035493543,55.77323949868365,27.428791565400385
XGBoost,h1,1,0-35,2089,7.54462405273332,2.618433567612228,17.405033859911427
XGBoost,h1,1,35-75,1435,7.85254186799861,4.727098825071499,9.025166190186162
XGBoost,h1,1,75-115,913,9.043809929035824,5.636040979208739,6.100792235135874
XGBoost,h1,1,115-150,346,13.879250489588115,8.6533930209213,6.644062196631226
XGBoost,h1,1,>150,516,25.176691877663988,13.313663562654245,6.446862808919287
XGBoost,seq6,1,0-35,2089,7.54462405273332,2.618433567612228,17.405033859911427
XGBoost,seq6,1,35-75,1435,7.85254186799861,4.727098825071499,9.025166190186162
XGBoost,seq6,1,75-115,913,9.043809929035824,5.636040979208739,6.100792235135874
XGBoost,seq6,1,115-150,346,13.879250489588115,8.6533930209213,6.644062196631226
XGBoost,seq6,1,>150,516,25.176691877663988,13.313663562654245,6.446862808919287
XGBoost,seq6,2,0-35,2089,11.59055010796083,4.779573083320504,31.411919894148564
XGBoost,seq6,2,35-75,1435,14.45223252128642,8.64232063684567,16.43936088965296
XGBoost,seq6,2,75-115,913,13.9899503194599,9.864037951497574,10.700262401113408
XGBoost,seq6,2,115-150,346,21.067016960229555,13.692388157515156,10.55979958925805
XGBoost,seq6,2,>150,516,37.62857021555327,22.93683921318693,11.18255331976142
XGBoost,seq6,3,0-35,2089,17.076706926169518,7.642771928564189,51.755026832435405
XGBoost,seq6,3,35-75,1435,17.47736134767032,11.449446622360432,21.84903375733085
XGBoost,seq6,3,75-115,913,18.71658201788017,13.66615325924218,14.696691378306612
XGBoost,seq6,3,115-150,346,26.6338214849543,18.512455171912748,14.252928758194605
XGBoost,seq6,3,>150,516,47.93307847685045,33.28431566984736,16.2437384608955
XGBoost,seq6,4,0-35,2089,21.22532634826575,10.301582456170713,72.59030937467395
XGBoost,seq6,4,35-75,1435,20.401237341669578,13.517766970920002,26.05482595967863
XGBoost,seq6,4,75-115,913,22.55577152003863,16.631950270749012,17.895162399154707
XGBoost,seq6,4,115-150,346,29.519716977233095,21.33010710488398,16.4203388647012
XGBoost,seq6,4,>150,516,57.35191791859835,43.18932062373742,21.12054916805961
XGBoost,seq6,5,0-35,2089,25.137904206956193,13.240522562521619,97.16298927326363
XGBoost,seq6,5,35-75,1435,22.808611493262656,15.412909460298694,29.763487906599206
XGBoost,seq6,5,75-115,913,23.390819472980546,17.788046409146528,19.12722064056607
XGBoost,seq6,5,115-150,346,32.75054929114555,24.469532485703485,18.729218403593567
XGBoost,seq6,5,>150,516,64.01056519123286,50.637169111411986,24.620964284375113
XGBoost,seq6,6,0-35,2088,28.39854547735584,16.062942391854392,121.0940318826301
XGBoost,seq6,6,35-75,1435,24.11782838422472,16.810881268141095,32.540713660551454
XGBoost,seq6,6,75-115,913,24.20754428273702,18.614852349830723,20.05909625255956
XGBoost,seq6,6,115-150,346,35.64741082845723,27.949358214261974,21.46906974909763
XGBoost,seq6,6,>150,516,69.70154930386371,56.59180640628394,27.637020024334724
