model,task,horizon_hours,dayperiod,n_samples,rmse,mae,mape,mean_abs_error
ARIMA,h1,1,daytime,1547,7.800844135871947,4.814735218753641,12.96131407508912,4.814735218753641
ARIMA,h1,1,evening_peak,884,8.218485769674375,4.9535766821231215,12.00851611530413,4.9535766821231215
ARIMA,h1,1,morning_peak,884,7.198202209878468,4.178646878075848,11.39930682504268,4.178646878075848
ARIMA,h1,1,night,663,8.210388795905232,5.136643500287099,11.28860937261201,5.136643500287099
ARIMA,h1,1,overnight,1326,17.995930741378253,6.289214964286241,16.024408094939922,6.289214964286241
ARIMA,seq6,1,daytime,1547,15.515638172519653,9.102291305494429,22.915967374310373,9.102291305494429
ARIMA,seq6,1,evening_peak,882,16.150931390377536,9.695063631656746,19.687395866721666,9.695063631656746
ARIMA,seq6,1,morning_peak,884,14.505940501987707,8.161183366015996,19.926543547462952,8.161183366015996
ARIMA,seq6,1,night,660,15.379074851581535,9.599709190765266,21.062023024846773,9.599709190765266
ARIMA,seq6,1,overnight,1325,26.55564011560809,11.203038647745588,28.59608835377833,11.203038647745588
ARIMA,seq6,2,daytime,1547,21.353183008087356,13.074225141751949,37.02441069713935,13.074225141751949
ARIMA,seq6,2,evening_peak,883,22.345519254372938,13.592312141396084,30.66885103413806,13.592312141396084
ARIMA,seq6,2,morning_peak,884,19.809748608784936,11.755287090056568,33.60929160107071,11.755287090056568
ARIMA,seq6,2,night,660,21.17574798409486,14.08917738258171,32.473214914798845,14.08917738258171
ARIMA,seq6,2,overnight,1324,33.18714726889261,15.902824853013417,45.884565707882786,15.902824853013417
ARIMA,seq6,3,daytime,1547,26.27385614881611,16.862276238303743,53.36584634453247,16.862276238303743
ARIMA,seq6,3,evening_peak,884,27.65784418447918,17.000431366567927,43.00689854949569,17.000431366567927
ARIMA,seq6,3,morning_peak,884,24.723401184811568,15.434978369870615,51.05404015545534,15.434978369870615
ARIMA,seq6,3,night,660,26.41035209724109,18.068139828189075,41.556812479262646,18.068139828189075
ARIMA,seq6,3,overnight,1323,37.325992914946156,20.119106495213458,63.231193157055685,20.119106495213458
ARIMA,seq6,4,daytime,1547,30.594024815419427,20.253605119370555,70.75517459343878,20.253605119370555
ARIMA,seq6,4,evening_peak,884,31.66257900705239,19.900277588539453,55.264909773477655,19.900277588539453
ARIMA,seq6,4,morning_peak,884,28.865168843017845,18.909505747539722,68.21290967150298,18.909505747539722
ARIMA,seq6,4,night,661,31.427051113511684,21.608077715020922,48.92692699668969,21.608077715020922
ARIMA,seq6,4,overnight,1322,40.36379148022062,23.882596362960168,77.32649208719991,23.882596362960168
ARIMA,seq6,5,daytime,1547,34.18681769750666,23.197802285639952,88.61529850043118,23.197802285639952
ARIMA,seq6,5,evening_peak,884,34.9239164268231,22.516850281150905,68.13207164267025,22.516850281150905
ARIMA,seq6,5,morning_peak,884,35.259457773327206,22.95124417545249,87.12136754288287,22.95124417545249
ARIMA,seq6,5,night,662,36.32193652480242,24.79545096197028,55.5660536738425,24.79545096197028
ARIMA,seq6,5,overnight,1321,41.02728419563289,26.223692351489223,84.56605648103385,26.223692351489223
ARIMA,seq6,6,daytime,1547,36.86219243170993,25.62183485445844,104.08533977379537,25.62183485445844
ARIMA,seq6,6,evening_peak,884,38.140945284424205,25.137044117905912,80.78107672324353,25.137044117905912
ARIMA,seq6,6,morning_peak,884,39.62601207244791,26.51168215390711,104.21159149385299,26.51168215390711
ARIMA,seq6,6,night,663,40.40345070557957,27.551061976112244,66.26281693269922,27.551061976112244
ARIMA,seq6,6,overnight,1320,41.919257855756406,28.10602964115498,90.72405834447216,28.10602964115498
LSTM,h1,1,daytime,1533,8.02993690586329,4.701371856087263,11.732980544206882,4.701371856087263
LSTM,h1,1,evening_peak,876,8.155814472860687,5.112186822717049,12.013144532282592,5.112186822717049
LSTM,h1,1,morning_peak,876,6.123061802662359,4.103955068000376,10.504016375125332,4.103955068000376
LSTM,h1,1,night,657,8.696496057432089,5.4896570681799854,12.694171915361677,5.4896570681799854
LSTM,h1,1,overnight,1310,17.49901603307076,6.586025147765647,15.340882457812603,6.586025147765647
LSTM,seq6,1,daytime,1526,23.002871499218042,14.149791813459183,28.28516125690334,14.149791813459183
LSTM,seq6,1,evening_peak,870,25.185879672967012,15.51932040631086,29.123335157809866,15.51932040631086
LSTM,seq6,1,morning_peak,872,19.821618585128316,11.890370405048404,22.806568831620552,11.890370405048404
LSTM,seq6,1,night,651,28.21240099283615,17.05424639779485,28.17367135248136,17.05424639779485
LSTM,seq6,1,overnight,1304,29.20845494383346,16.983763187940866,27.777161389690097,16.983763187940866
LSTM,seq6,2,daytime,1526,23.602312712811575,14.51251303540301,30.251922135062177,14.51251303540301
LSTM,seq6,2,evening_peak,871,26.572327600059875,16.133360915835496,30.08912527264293,16.133360915835496
LSTM,seq6,2,morning_peak,872,19.752631025658317,12.347114769143795,24.359447525157957,12.347114769143795
LSTM,seq6,2,night,651,28.896293161754272,17.869099517388644,33.49973172776803,17.869099517388644
LSTM,seq6,2,overnight,1303,32.09676849845016,18.802241170214216,34.19322551633484,18.802241170214216
LSTM,seq6,3,daytime,1526,25.533971120973423,15.829904488467296,35.66844349600218,15.829904488467296
LSTM,seq6,3,evening_peak,872,28.88666591532884,17.57628916764478,34.455827315562374,17.57628916764478
LSTM,seq6,3,morning_peak,872,21.717830113821343,13.818392300277676,29.629549179433923,13.818392300277676
LSTM,seq6,3,night,651,30.277369135514892,19.06345573475101,39.20071873914887,19.06345573475101
LSTM,seq6,3,overnight,1302,35.31848243081038,20.944040755522416,43.47339243756061,20.944040755522416
LSTM,seq6,4,daytime,1526,27.896717731142793,17.482324044326344,43.57212800138606,17.482324044326344
LSTM,seq6,4,evening_peak,872,31.94950760664708,19.43876511022585,40.89380263353446,19.43876511022585
LSTM,seq6,4,morning_peak,871,24.5805508555394,15.69863404691151,37.64880534498377,15.69863404691151
LSTM,seq6,4,night,652,32.315858123373566,20.546877899052905,44.38682122489916,20.546877899052905
LSTM,seq6,4,overnight,1302,38.290079665545385,23.301120634635655,54.67639473277062,23.301120634635655
LSTM,seq6,5,daytime,1526,30.145303217740068,19.285624088497336,53.47811405392577,19.285624088497336
LSTM,seq6,5,evening_peak,872,35.00311163191541,21.466227200053154,48.3633080617891,21.466227200053154
LSTM,seq6,5,morning_peak,870,28.04208883744011,18.078629540849008,48.64312278123328,18.078629540849008
LSTM,seq6,5,night,653,34.850852143221225,22.418495876318097,48.99874283462475,22.418495876318097
LSTM,seq6,5,overnight,1302,40.84877947388952,25.494113197707545,64.92294176864326,25.494113197707545
LSTM,seq6,6,daytime,1526,32.94302742556677,21.372716911498404,64.8497225083102,21.372716911498404
LSTM,seq6,6,evening_peak,872,37.34955761095433,23.27630423569898,56.071953171806165,23.27630423569898
LSTM,seq6,6,morning_peak,869,31.46314699630909,20.59817813098499,59.89621668927868,20.59817813098499
LSTM,seq6,6,night,654,37.93222778697327,24.649396352447138,54.54878464329354,24.649396352447138
LSTM,seq6,6,overnight,1302,42.97477653106487,27.377417664374075,74.59514300365306,27.377417664374075
Prophet,h1,1,daytime,1547,9.100671012931935,6.789850031311295,28.136484129231686,6.789850031311295
Prophet,h1,1,evening_peak,884,9.034334281848116,6.665850625970062,24.937554651708734,6.665850625970062
Prophet,h1,1,morning_peak,884,8.319546268567045,6.278385153687245,23.839039302481712,6.278385153687245
Prophet,h1,1,night,663,8.848333710474149,6.2829720872236265,19.640538875459413,6.2829720872236265
Prophet,h1,1,overnight,1321,17.925189551834922,7.388762814995633,21.53175586476352,7.388762814995633
Prophet,seq6,1,daytime,1547,9.100671012931935,6.789850031311295,28.136484129231686,6.789850031311295
Prophet,seq6,1,evening_peak,884,9.034334281848116,6.665850625970062,24.937554651708734,6.665850625970062
Prophet,seq6,1,morning_peak,884,8.319546268567045,6.278385153687245,23.839039302481712,6.278385153687245
Prophet,seq6,1,night,663,8.848333710474149,6.2829720872236265,19.640538875459413,6.2829720872236265
Prophet,seq6,1,overnight,1321,17.925189551834922,7.388762814995633,21.53175586476352,7.388762814995633
Prophet,seq6,2,daytime,1547,17.04976243678953,12.747185036985012,53.69135738311852,12.747185036985012
Prophet,seq6,2,evening_peak,884,16.389983426214023,12.259325610396008,46.22796353956266,12.259325610396008
Prophet,seq6,2,morning_peak,884,15.571903994379303,11.33653149033978,42.20548506174293,11.33653149033978
Prophet,seq6,2,night,663,16.656729253916904,12.028155883613286,41.2338540416227,12.028155883613286
Prophet,seq6,2,overnight,1321,26.638324279969495,13.295430415442675,40.22650646439773,13.295430415442675
Prophet,seq6,3,daytime,1547,22.967365959351955,16.810253345309974,69.53521050040324,16.810253345309974
Prophet,seq6,3,evening_peak,884,21.862452603861094,16.17509013894676,61.71240724087445,16.17509013894676
Prophet,seq6,3,morning_peak,884,20.737732912656636,14.621289840341513,53.41672104922536,14.621289840341513
Prophet,seq6,3,night,663,22.156111001518855,16.446167331358428,59.73639687851093,16.446167331358428
Prophet,seq6,3,overnight,1321,32.806004213964385,17.723157808759982,55.60802412730481,17.723157808759982
Prophet,seq6,4,daytime,1547,26.464595485321396,18.477320250672527,70.32857425796864,18.477320250672527
Prophet,seq6,4,evening_peak,884,25.769269111102332,17.877423903725646,62.862925321938704,17.877423903725646
Prophet,seq6,4,morning_peak,884,24.087777288009484,16.49609423989952,57.217300333882505,16.49609423989952
Prophet,seq6,4,night,663,24.91442702542707,18.445591782286765,64.87742218345221,18.445591782286765
Prophet,seq6,4,overnight,1321,36.14920987090711,20.520319618060864,62.46242557920972,20.520319618060864
Prophet,seq6,5,daytime,1547,30.47407047765368,21.44086373854454,85.55000012381737,21.44086373854454
Prophet,seq6,5,evening_peak,884,29.250407187611778,20.04204391625772,71.29700779429022,20.04204391625772
Prophet,seq6,5,morning_peak,884,29.21197885810815,19.823990652505945,70.68849260412628,19.823990652505945
Prophet,seq6,5,night,663,28.356925823599955,21.195326962418942,74.39186278237393,21.195326962418942
Prophet,seq6,5,overnight,1321,38.63951503976834,23.566206480536867,72.70205354291588,23.566206480536867
Prophet,seq6,6,daytime,1547,33.52233035863226,23.36446337400184,93.0324515931647,23.36446337400184
Prophet,seq6,6,evening_peak,884,31.889285705979486,21.31823434270625,71.00266916634214,21.31823434270625
Prophet,seq6,6,morning_peak,884,33.53733332423703,22.52175041940614,78.51957400485374,22.52175041940614
Prophet,seq6,6,night,663,31.736866077987813,22.936287549539703,75.15043447690796,22.936287549539703
Prophet,seq6,6,overnight,1320,39.82350948438035,25.584866363226993,75.24932777361387,25.584866363226993
Transformer,h1,1,daytime,1533,8.147715157901995,4.9536998842715905,12.38026338716774,4.9536998842715905
Transformer,h1,1,evening_peak,876,8.96533245542176,5.275878936188406,12.380779013510283,5.275878936188406
Transformer,h1,1,morning_peak,876,6.455227824202703,4.476164370366972,11.562540148090159,4.476164370366972
Transformer,h1,1,night,657,9.675405611709472,5.936471946344709,12.650689962396564,5.936471946344709
Transformer,h1,1,overnight,1310,17.138493461945032,6.721540472525676,14.728868991591373,6.721540472525676
Transformer,seq6,1,daytime,1526,12.948084215830539,8.87637676382596,26.846370739022817,8.87637676382596
Transformer,seq6,1,evening_peak,870,14.639910809503787,10.345018622724488,27.865424212137214,10.345018622724488
Transformer,seq6,1,morning_peak,872,14.906889210426279,10.31527758598191,26.064285419237653,10.31527758598191
Transformer,seq6,1,night,651,16.250028573715635,10.810717272593678,25.25014954280084,10.810717272593678
Transformer,seq6,1,overnight,1304,24.90162606429233,12.523706438259845,28.276052562623256,12.523706438259845
Transformer,seq6,2,daytime,1526,16.8227705263979,10.941058231446878,30.983798410017847,10.941058231446878
Transformer,seq6,2,evening_peak,871,17.13270168108001,11.617136189365496,29.87670085431389,11.617136189365496
Transformer,seq6,2,morning_peak,872,15.079963002927023,10.475022255212341,28.649218886849642,10.475022255212341
Transformer,seq6,2,night,651,19.69163754628472,12.980958741015186,31.618496192248006,12.980958741015186
Transformer,seq6,2,overnight,1303,28.871649655876045,15.012682315759813,34.52683177742522,15.012682315759813
Transformer,seq6,3,daytime,1526,21.247705007022027,13.300698664757089,37.38190282876036,13.300698664757089
Transformer,seq6,3,evening_peak,872,20.77513295663528,13.55949286467165,35.486434076568976,13.55949286467165
Transformer,seq6,3,morning_peak,872,18.237744971610734,12.490317520130118,34.99005538956985,12.490317520130118
Transformer,seq6,3,night,651,23.29312793253531,15.369355705797032,38.37080261101995,15.369355705797032
Transformer,seq6,3,overnight,1302,32.802451861335236,17.990592555676553,42.97165649050337,17.990592555676553
Transformer,seq6,4,daytime,1526,25.104578525320086,15.762484309831109,45.20331145120003,15.762484309831109
Transformer,seq6,4,evening_peak,872,25.09871035769163,15.654354402231514,42.1871577908666,15.654354402231514
Transformer,seq6,4,morning_peak,871,22.32639503691988,15.074838110862725,42.87199373010197,15.074838110862725
Transformer,seq6,4,night,652,26.274449567809768,17.29800772273833,43.93258222275737,17.29800772273833
Transformer,seq6,4,overnight,1302,36.18355533638805,21.032540667006682,52.62630821076056,21.032540667006682
Transformer,seq6,5,daytime,1526,28.178042128724893,18.09099359195167,53.58951119523523,18.09099359195167
Transformer,seq6,5,evening_peak,872,29.399176083683106,18.217487095966252,49.36626847778648,18.217487095966252
Transformer,seq6,5,morning_peak,870,26.59288066750324,17.773485149871345,50.31345732990172,17.773485149871345
Transformer,seq6,5,night,653,28.892017908230745,18.976351158085862,47.400144995661506,18.976351158085862
Transformer,seq6,5,overnight,1302,39.09958330293614,23.704671586667704,62.91621347610964,23.704671586667704
Transformer,seq6,6,daytime,1526,31.185284929167278,20.352459536076843,63.187746413557754,20.352459536076843
Transformer,seq6,6,evening_peak,872,32.891348844014374,20.850676600812772,57.01857291523721,20.850676600812772
Transformer,seq6,6,morning_peak,869,30.86723445932322,20.752972169012963,58.435472056090255,20.752972169012963
Transformer,seq6,6,night,654,31.97055443346252,20.898301657369014,51.779950014406474,20.898301657369014
Transformer,seq6,6,overnight,1302,41.09147350268184,25.826425868382653,72.45667638900728,25.826425868382653
XGBoost,h1,1,daytime,1547,7.944202061770916,4.473455353756097,10.576374060272254,4.473455353756097
XGBoost,h1,1,evening_peak,884,9.125360323465568,4.947876489562575,10.66469539022341,4.947876489562575
XGBoost,h1,1,morning_peak,884,6.653624380795207,4.2146871272084505,9.966486122166387,4.2146871272084505
XGBoost,h1,1,night,663,8.070034629686479,4.9735218068363425,10.568363398092954,4.9735218068363425
XGBoost,h1,1,overnight,1321,17.878324379338135,6.771640959036122,14.306766991111688,6.771640959036122
XGBoost,seq6,1,daytime,1547,7.944202061770916,4.473455353756097,10.576374060272254,4.473455353756097
XGBoost,seq6,1,evening_peak,884,9.125360323465568,4.947876489562575,10.66469539022341,4.947876489562575
XGBoost,seq6,1,morning_peak,884,6.653624380795207,4.2146871272084505,9.966486122166387,4.2146871272084505
XGBoost,seq6,1,night,663,8.070034629686479,4.9735218068363425,10.568363398092954,4.9735218068363425
XGBoost,seq6,1,overnight,1321,17.878324379338135,6.771640959036122,14.306766991111688,6.771640959036122
XGBoost,seq6,2,daytime,1547,14.399851960662986,8.167899463940236,18.521614780603876,8.167899463940236
XGBoost,seq6,2,evening_peak,884,14.950671888174114,8.62449168630008,18.11925250983469,8.62449168630008
XGBoost,seq6,2,morning_peak,884,11.904587264841394,7.228954366393076,17.696608067012896,7.228954366393076
XGBoost,seq6,2,night,663,15.364783143534996,9.10076989546535,21.11975184659009,9.10076989546535
XGBoost,seq6,2,overnight,1321,25.262471064393804,11.567829711704945,25.803676751558196,11.567829711704945
XGBoost,seq6,3,daytime,1547,19.740368339842217,11.694063166498244,28.25833211939095,11.694063166498244
XGBoost,seq6,3,evening_peak,884,19.892375923881627,11.844601295614423,27.15499943874648,11.844601295614423
XGBoost,seq6,3,morning_peak,884,17.694095322618566,10.949625500142638,28.21266750854388,10.949625500142638
XGBoost,seq6,3,night,663,20.347774718664294,12.880291764400752,33.23589295886954,12.880291764400752
XGBoost,seq6,3,overnight,1321,31.303109722202496,16.406112881793522,38.98934270813451,16.406112881793522
XGBoost,seq6,4,daytime,1547,24.585820622100123,14.858888390477755,38.65781598808998,14.858888390477755
XGBoost,seq6,4,evening_peak,884,24.837393313019295,14.83139511143435,36.88535127881933,14.83139511143435
XGBoost,seq6,4,morning_peak,884,23.075440125525184,14.457106311016023,38.53738432366931,14.457106311016023
XGBoost,seq6,4,night,663,23.51815585084389,15.147092039059737,40.814554266693634,15.147092039059737
XGBoost,seq6,4,overnight,1321,35.701993295666576,20.324466943324154,51.786802679162236,20.324466943324154
XGBoost,seq6,5,daytime,1547,27.940895200164793,17.64166121462393,52.32188914492001,17.64166121462393
XGBoost,seq6,5,evening_peak,884,29.247518990399062,17.38852647329705,45.29727883221736,17.38852647329705
XGBoost,seq6,5,morning_peak,884,27.339442979488993,17.591313196888983,50.104508331984995,17.591313196888983
XGBoost,seq6,5,night,663,26.087792246133933,17.14269234929702,46.12097525110192,17.14269234929702
XGBoost,seq6,5,overnight,1321,38.67215535931043,23.492253888476505,65.46299800848497,23.492253888476505
XGBoost,seq6,6,daytime,1547,31.42710815221979,20.555460671750296,67.58159025726718,20.555460671750296
XGBoost,seq6,6,evening_peak,884,31.566997683837634,19.539974905608716,53.93905425636953,19.539974905608716
XGBoost,seq6,6,morning_peak,884,30.62437859651971,20.40156103580851,59.59246886069389,20.40156103580851
XGBoost,seq6,6,night,663,29.342819227727126,19.295626832397275,53.69689125196513,19.295626832397275
XGBoost,seq6,6,overnight,1320,40.74588889432472,25.476994360497816,75.02393375350387,25.476994360497816
