model,task,horizon_hours,hour,n_samples,rmse,mae,mape,mean_abs_error
ARIMA,h1,1,0,221,7.06387788641757,4.509246908998049,10.880402458752265,4.509246908998049
ARIMA,h1,1,1,221,37.54275703796667,13.144383963393349,32.36279501020677,13.144383963393349
ARIMA,h1,1,2,221,16.710637582369728,7.702038866919409,18.526927140685384,7.702038866919409
ARIMA,h1,1,3,221,7.30769284798794,4.083805153890844,11.242824359298245,4.083805153890844
ARIMA,h1,1,4,221,10.86309906916965,4.494933011655108,11.592769389391275,4.494933011655108
ARIMA,h1,1,5,221,5.754081866679177,3.8008818808606923,11.540730211305588,3.8008818808606923
ARIMA,h1,1,6,221,7.523976826039378,4.367194239516872,12.98110280074881,4.367194239516872
ARIMA,h1,1,7,221,8.440894027026754,4.32627848265515,12.368573184812249,4.32627848265515
ARIMA,h1,1,8,221,6.291011220389576,3.893128208055467,10.761650105780953,3.893128208055467
ARIMA,h1,1,9,221,6.310365978915639,4.127986582075904,9.485901208828714,4.127986582075904
ARIMA,h1,1,10,221,6.942048243774182,4.7556017493609595,11.700340686396038,4.7556017493609595
ARIMA,h1,1,11,221,8.425662358128724,5.478529673037184,13.993525295842444,5.478529673037184
ARIMA,h1,1,12,221,8.73602607171606,5.117894173613404,14.86504792854674,5.117894173613404
ARIMA,h1,1,13,221,8.237377851223318,5.031200078049774,13.424213610862342,5.031200078049774
ARIMA,h1,1,14,221,7.223980110932993,4.3785158688241586,10.257143004257298,4.3785158688241586
ARIMA,h1,1,15,221,7.07689423056207,4.465129374010019,11.998029047027124,4.465129374010019
ARIMA,h1,1,16,221,7.768365249513784,4.476275614379987,14.490898952691856,4.476275614379987
ARIMA,h1,1,17,221,7.0620219856378545,4.4451475160106,12.62017481389096,4.4451475160106
ARIMA,h1,1,18,221,8.814039684224309,5.178954269224369,13.609522216370603,5.178954269224369
ARIMA,h1,1,19,221,8.76111509295214,4.9376710752532205,11.07899095377968,4.9376710752532205
ARIMA,h1,1,20,221,8.1152600471392,5.2525338680043,10.725376477175274,5.2525338680043
ARIMA,h1,1,21,221,8.030702911260125,5.086517343571693,10.255018349850616,5.086517343571693
ARIMA,h1,1,22,221,8.427672284957561,5.326288296082398,11.690902290701477,5.326288296082398
ARIMA,h1,1,23,221,8.167839564304305,4.997124861207207,11.91990747728394,4.997124861207207
ARIMA,seq6,1,0,220,38.777812775393194,16.305907054536636,39.73622851523728,16.305907054536636
ARIMA,seq6,1,1,221,37.91024500126561,15.88028830630551,40.75222128925958,15.88028830630551
ARIMA,seq6,1,2,221,22.024102892164745,11.044048897483822,25.713308679715404,11.044048897483822
ARIMA,seq6,1,3,221,19.060442410844153,8.247650104735577,20.545447855685175,8.247650104735577
ARIMA,seq6,1,4,221,16.679127348878936,8.019368039417673,24.36816315043437,8.019368039417673
ARIMA,seq6,1,5,221,12.93696361991708,7.7440593862874785,20.511568506371987,7.7440593862874785
ARIMA,seq6,1,6,221,15.818071556920998,8.746087571558336,23.483966678846873,8.746087571558336
ARIMA,seq6,1,7,221,15.743598875431115,7.9073789551353375,21.50058298340359,7.9073789551353375
ARIMA,seq6,1,8,221,13.00906135915839,7.828074068687069,18.01214180763324,7.828074068687069
ARIMA,seq6,1,9,221,13.205349999607463,8.16319286868324,16.709482719968108,8.16319286868324
ARIMA,seq6,1,10,221,15.565788967923908,9.640127514847643,21.51869998016029,9.640127514847643
ARIMA,seq6,1,11,221,17.206326431286858,10.09643176785143,26.955839141752673,10.09643176785143
ARIMA,seq6,1,12,221,16.319974306051233,9.951231077431467,26.782908721936327,9.951231077431467
ARIMA,seq6,1,13,221,14.865418615747878,8.953036960303246,20.036925970003693,8.953036960303246
ARIMA,seq6,1,14,221,14.022550487892527,8.012381696845136,16.571376944820233,8.012381696845136
ARIMA,seq6,1,15,221,15.784994617138222,8.66721440962909,20.7035137020733,8.66721440962909
ARIMA,seq6,1,16,221,14.617576085990697,8.395615711553004,27.8425071594261,8.395615711553004
ARIMA,seq6,1,17,221,15.079903746700417,8.777718378680618,19.530288799390014,8.777718378680618
ARIMA,seq6,1,18,221,16.8854392332871,9.477761097787047,19.118338325678582,9.477761097787047
ARIMA,seq6,1,19,220,17.456759825463408,10.333703832496473,20.584690524982644,10.333703832496473
ARIMA,seq6,1,20,220,15.039682978508802,10.19622870760305,19.5195665650553,10.19622870760305
ARIMA,seq6,1,21,220,15.920574464056878,10.260864350260007,20.67327337157136,10.260864350260007
ARIMA,seq6,1,22,220,16.067215887132217,9.920033652005502,22.685109118482547,9.920033652005502
ARIMA,seq6,1,23,220,14.068678411362917,8.618229570030284,19.82768658448642,8.618229570030284
ARIMA,seq6,2,0,220,38.96511557097322,19.08153665750075,48.96370581836989,19.08153665750075
ARIMA,seq6,2,1,220,38.80823114528563,18.50370168522471,50.29991398780738,18.50370168522471
ARIMA,seq6,2,2,221,37.42798565145468,18.13499941320035,51.66036843343677,18.13499941320035
ARIMA,seq6,2,3,221,34.75371564637611,15.85968064629726,43.74027653453268,15.85968064629726
ARIMA,seq6,2,4,221,23.395262774395224,11.84726324804874,39.292309056503264,11.84726324804874
ARIMA,seq6,2,5,221,20.77656918807919,12.01591945259014,41.38473212882056,12.01591945259014
ARIMA,seq6,2,6,221,19.66895348464841,11.972570093709086,36.97392061683225,11.972570093709086
ARIMA,seq6,2,7,221,21.035970525313182,11.921640574569626,37.69235811347674,11.921640574569626
ARIMA,seq6,2,8,221,20.08410508637072,11.712290738470216,32.63951534062878,11.712290738470216
ARIMA,seq6,2,9,221,18.35629307702231,11.414646953477336,27.13137233334505,11.414646953477336
ARIMA,seq6,2,10,221,20.542382266661185,12.984735455662488,29.816685073883736,12.984735455662488
ARIMA,seq6,2,11,221,23.238566579371696,14.631175442084919,40.30638780786362,14.631175442084919
ARIMA,seq6,2,12,221,22.421947163327008,14.331431181010798,46.381553925887516,14.331431181010798
ARIMA,seq6,2,13,221,21.539920672335015,13.831519053410206,42.13656040604587,13.831519053410206
ARIMA,seq6,2,14,221,19.877588342015116,12.129719857084828,30.29368309583803,12.129719857084828
ARIMA,seq6,2,15,221,20.97210841894228,11.91391042389041,29.370050722912776,11.91391042389041
ARIMA,seq6,2,16,221,20.688856401178118,11.697084579119991,40.865953847543956,11.697084579119991
ARIMA,seq6,2,17,221,20.02710848781009,12.187232771239128,39.53141658472456,12.187232771239128
ARIMA,seq6,2,18,221,22.275044973902112,12.859228184977228,25.42600437383877,12.859228184977228
ARIMA,seq6,2,19,221,24.415686199391587,14.691818670334827,30.13799753327454,14.691818670334827
ARIMA,seq6,2,20,220,22.448191412423906,14.63569010629514,27.565945347489716,14.63569010629514
ARIMA,seq6,2,21,220,20.4257093206668,14.038143018133765,28.61060658228593,14.038143018133765
ARIMA,seq6,2,22,220,22.653661307603137,14.682529282814384,34.63077277209143,14.682529282814384
ARIMA,seq6,2,23,220,20.367595247493558,13.546859846796977,34.17826539001918,13.546859846796977
ARIMA,seq6,3,0,220,40.44723527882729,23.031988005013602,62.607170531375644,23.031988005013602
ARIMA,seq6,3,1,220,38.882832429956345,20.947010370928886,59.36932234098642,20.947010370928886
ARIMA,seq6,3,2,220,38.37040460547428,20.95183297817966,63.560341509200455,20.95183297817966
ARIMA,seq6,3,3,221,38.20993656704431,20.323589041951287,65.3903628789149,20.323589041951287
ARIMA,seq6,3,4,221,39.30694907852584,19.84349922433133,69.48647297960729,19.84349922433133
ARIMA,seq6,3,5,221,27.13290495967982,15.637413974715288,58.95467990093904,15.637413974715288
ARIMA,seq6,3,6,221,25.401256102513422,15.929129036289686,56.0291402180238,15.929129036289686
ARIMA,seq6,3,7,221,24.561422394708668,15.118576780945434,51.906063119444276,15.118576780945434
ARIMA,seq6,3,8,221,24.557036732279478,15.443421128526632,51.37724999736311,15.443421128526632
ARIMA,seq6,3,9,221,24.360848299541466,15.24878653372071,44.90370728699016,15.24878653372071
ARIMA,seq6,3,10,221,24.387645634961046,15.665432069135331,41.25496426313761,15.665432069135331
ARIMA,seq6,3,11,221,27.46751931365721,17.729113828828943,49.92892600792007,17.729113828828943
ARIMA,seq6,3,12,221,27.872757163550272,18.984268085896844,64.00723761222199,18.984268085896844
ARIMA,seq6,3,13,221,26.80067621426553,18.04426464097019,64.70781185186192,18.04426464097019
ARIMA,seq6,3,14,221,26.19777441213937,16.79278650452242,56.87480730798655,16.79278650452242
ARIMA,seq6,3,15,221,25.694117516623614,15.755329926466176,45.527313927723476,15.755329926466176
ARIMA,seq6,3,16,221,25.324076391660554,15.06473861230627,51.259863440875755,15.06473861230627
ARIMA,seq6,3,17,221,25.31056869231843,15.48190455716303,54.29117149500353,15.48190455716303
ARIMA,seq6,3,18,221,25.845103585678366,16.017760940800315,45.33442944417939,16.017760940800315
ARIMA,seq6,3,19,221,29.225407213480864,17.316069046763108,34.84710331445394,17.316069046763108
ARIMA,seq6,3,20,221,29.951739282634676,19.185990921545255,37.554889944345895,19.185990921545255
ARIMA,seq6,3,21,220,26.252927116597462,17.850193799427206,37.031876139971935,17.850193799427206
ARIMA,seq6,3,22,220,26.07061861544113,17.84827724979657,40.8307909175338,17.84827724979657
ARIMA,seq6,3,23,220,26.90031145766861,18.505948435343445,46.8077703802822,18.505948435343445
ARIMA,seq6,4,0,220,42.96597369163808,26.747354903617133,71.7309108425156,26.747354903617133
ARIMA,seq6,4,1,220,40.05792334129287,24.194481503735794,71.58420201374892,24.194481503735794
ARIMA,seq6,4,2,220,38.4903822978707,23.27956741030013,72.73516220324909,23.27956741030013
ARIMA,seq6,4,3,220,38.88589484741707,22.734101506742768,77.04140017236274,22.734101506742768
ARIMA,seq6,4,4,221,39.73049963858511,23.014464613673997,78.38743363448489,23.014464613673997
ARIMA,seq6,4,5,221,41.859746360761235,23.332056745901856,92.40647581468022,23.332056745901856
ARIMA,seq6,4,6,221,30.732419917844624,19.252758641466407,72.91744080583396,19.252758641466407
ARIMA,seq6,4,7,221,29.136540157573567,18.931685001214078,69.71401830562294,18.931685001214078
ARIMA,seq6,4,8,221,27.663413950799413,18.6057993451156,64.8222804522403,18.6057993451156
ARIMA,seq6,4,9,221,27.822793022444714,18.847780002362796,65.39789912231471,18.847780002362796
ARIMA,seq6,4,10,221,29.265178410357432,19.057815268589557,59.14469027331961,19.057815268589557
ARIMA,seq6,4,11,221,30.280087007673817,20.035064370266685,61.68784957749528,20.035064370266685
ARIMA,seq6,4,12,221,31.336453472872797,21.19420450785476,73.58770033797971,21.19420450785476
ARIMA,seq6,4,13,221,31.767932881925802,22.27167219738608,81.87877625476631,22.27167219738608
ARIMA,seq6,4,14,221,30.81309537214128,21.021683285001334,81.9714489179026,21.021683285001334
ARIMA,seq6,4,15,221,31.27941330100191,20.002576464024706,70.80472917997393,20.002576464024706
ARIMA,seq6,4,16,221,29.318982341607885,18.192219742470762,66.21102761263397,18.192219742470762
ARIMA,seq6,4,17,221,29.222400623843978,18.481905758891568,64.72949229705156,18.481905758891568
ARIMA,seq6,4,18,221,30.306433986050614,19.249010257846244,59.235570766771815,19.249010257846244
ARIMA,seq6,4,19,221,32.24783503206071,20.136705736860215,54.30459307670426,20.136705736860215
ARIMA,seq6,4,20,221,34.608151266501594,21.73348860055978,42.78998295338299,21.73348860055978
ARIMA,seq6,4,21,221,33.37302596659201,22.412460528110948,47.70983812354924,22.412460528110948
ARIMA,seq6,4,22,220,30.58189082092113,21.07635109987487,47.6414341258618,21.07635109987487
ARIMA,seq6,4,23,220,30.222417805245644,21.331765231562915,51.435040962808664,21.331765231562915
ARIMA,seq6,5,0,220,43.59205966553549,27.992138859096848,72.22092707740515,27.992138859096848
ARIMA,seq6,5,1,220,42.247635733336224,27.45219153307017,79.69967640540769,27.45219153307017
ARIMA,seq6,5,2,220,39.382249615183326,25.998523230717495,83.61897688665323,25.998523230717495
ARIMA,seq6,5,3,220,39.097713742896715,25.041203672178078,85.86464525934342,25.041203672178078
ARIMA,seq6,5,4,220,40.35380118991389,24.999645468900244,88.76983863523728,24.999645468900244
ARIMA,seq6,5,5,221,41.305829871755634,25.86010401921015,97.16500666676669,25.86010401921015
ARIMA,seq6,5,6,221,43.7573959705597,26.339523019741506,104.26998407481112,26.339523019741506
ARIMA,seq6,5,7,221,33.531398650314955,22.00759301742678,85.37344702535236,22.00759301742678
ARIMA,seq6,5,8,221,31.844672405015547,22.062969558566838,81.31819827775443,22.062969558566838
ARIMA,seq6,5,9,221,30.327708316368398,21.394891106074844,77.52384079361356,21.394891106074844
ARIMA,seq6,5,10,221,31.842327481267574,22.24484505751218,79.16689013763923,22.24484505751218
ARIMA,seq6,5,11,221,34.42548866997098,23.17740116180298,80.42980282264932,23.17740116180298
ARIMA,seq6,5,12,221,33.48966869826449,22.829808379140967,84.88155958620044,22.829808379140967
ARIMA,seq6,5,13,221,34.647703047082565,23.841717185023594,90.57002327870691,23.841717185023594
ARIMA,seq6,5,14,221,35.22763691852537,24.46257923507786,97.8911554696761,24.46257923507786
ARIMA,seq6,5,15,221,35.19288077670805,23.931327699735757,95.60469045591299,23.931327699735757
ARIMA,seq6,5,16,221,34.359495691903355,21.896937281186315,91.76296775223331,21.896937281186315
ARIMA,seq6,5,17,221,32.50224549718261,21.10740289177121,77.3669973195577,21.10740289177121
ARIMA,seq6,5,18,221,33.41722125090176,21.75557691689379,67.68236830953445,21.75557691689379
ARIMA,seq6,5,19,221,36.0158537838601,22.90009984996145,67.60865838959253,22.90009984996145
ARIMA,seq6,5,20,221,37.52960687350269,24.30432146597718,59.870262551996376,24.30432146597718
ARIMA,seq6,5,21,221,37.777811671911685,24.76385021037056,53.74126704689935,24.76385021037056
ARIMA,seq6,5,22,221,36.82773231574888,25.136358910165193,55.106499502021336,25.136358910165193
ARIMA,seq6,5,23,220,34.259973096948706,24.48473782357238,57.8607778398739,24.48473782357238
ARIMA,seq6,6,0,220,45.14445211050851,29.947105306756704,75.28564707733474,29.947105306756704
ARIMA,seq6,6,1,220,42.665048912231306,28.452710937470357,79.17778023799117,28.452710937470357
ARIMA,seq6,6,2,220,41.28806666840206,28.608365782552024,90.01349667451775,28.608365782552024
ARIMA,seq6,6,3,220,39.8499347183239,27.23314636441065,95.52662202650468,27.23314636441065
ARIMA,seq6,6,4,220,40.63400296006163,27.14556907191312,98.33144219136494,27.14556907191312
ARIMA,seq6,6,5,220,41.727367244961634,27.249280383827017,106.00936185911958,27.249280383827017
ARIMA,seq6,6,6,221,42.843705422860246,28.50112943236166,112.84377108379702,28.50112943236166
ARIMA,seq6,6,7,221,44.83527808623936,28.31953600921281,114.16546412856138,28.31953600921281
ARIMA,seq6,6,8,221,35.64229193871999,24.80419267978247,95.43025147038968,24.80419267978247
ARIMA,seq6,6,9,221,34.12806910721677,24.42187049427151,94.40687929266393,24.42187049427151
ARIMA,seq6,6,10,221,33.71556219262459,24.32694894497051,90.26043799311519,24.32694894497051
ARIMA,seq6,6,11,221,36.48546137107564,25.85596806360938,100.78977473933017,25.85596806360938
ARIMA,seq6,6,12,221,37.068105498975335,25.535521201631667,104.2311130858306,25.535521201631667
ARIMA,seq6,6,13,221,36.315432882586165,25.038789691022608,100.47336462056104,25.038789691022608
ARIMA,seq6,6,14,221,37.505646178758106,25.972154352843962,106.00037384631827,25.972154352843962
ARIMA,seq6,6,15,221,38.9162271110352,27.060642747267796,112.32902079393699,27.060642747267796
ARIMA,seq6,6,16,221,37.81295085159649,25.562818979863152,114.51329333747535,25.562818979863152
ARIMA,seq6,6,17,221,36.930494469639456,24.666626589846526,99.28035462629772,24.666626589846526
ARIMA,seq6,6,18,221,36.17120092934984,24.037895388827412,77.26361391127692,24.037895388827412
ARIMA,seq6,6,19,221,38.5439185244859,25.241360697679422,75.57252014128963,25.241360697679422
ARIMA,seq6,6,20,221,40.756299820912204,26.602293795270292,71.00781821410983,26.602293795270292
ARIMA,seq6,6,21,221,40.6056392713607,26.809416342186204,70.73357867195551,26.809416342186204
ARIMA,seq6,6,22,221,40.86290650208973,27.77655346079768,63.79572568870635,27.77655346079768
ARIMA,seq6,6,23,221,39.73312746714256,28.067216125352864,64.25914643743582,28.067216125352864
LSTM,h1,1,0,218,37.46796482276103,13.985765846497422,33.89379473924311,13.985765846497422
LSTM,h1,1,1,218,14.058312935791895,7.257906235686136,13.950624285887969,7.257906235686136
LSTM,h1,1,2,218,7.941758914341537,4.902253802763212,12.07183448926069,4.902253802763212
LSTM,h1,1,3,218,9.561051436293154,5.052691914619656,11.155616137243705,5.052691914619656
LSTM,h1,1,4,219,6.473079524917642,4.231836375580531,10.717264045653826,4.231836375580531
LSTM,h1,1,5,219,6.469000929597364,4.107863456691237,10.300491368400861,4.107863456691237
LSTM,h1,1,6,219,6.684168248381717,4.2683941871608235,10.77151629216102,4.2683941871608235
LSTM,h1,1,7,219,5.510103624079152,3.6768973820830047,10.27725436995193,3.6768973820830047
LSTM,h1,1,8,219,5.819386330576092,3.7884338457290445,9.22986965920124,3.7884338457290445
LSTM,h1,1,9,219,6.40803706072545,4.6820948570286305,11.737425179187138,4.6820948570286305
LSTM,h1,1,10,219,7.652014308897849,5.0829967733931865,12.218166403027277,5.0829967733931865
LSTM,h1,1,11,219,7.595014318634139,4.7231791117419935,11.642008405185212,4.7231791117419935
LSTM,h1,1,12,219,6.378700769457279,4.230206938094744,10.834472938975006,4.230206938094744
LSTM,h1,1,13,219,11.118173847836642,5.024274151074832,10.190767440962738,5.024274151074832
LSTM,h1,1,14,219,7.367141320779296,4.462879154780141,10.653668754995428,4.462879154780141
LSTM,h1,1,15,219,7.7366269820377696,4.579744217058295,12.181463083241427,4.579744217058295
LSTM,h1,1,16,219,7.529266895565594,4.806322646467652,14.410316783061075,4.806322646467652
LSTM,h1,1,17,219,8.666371150134376,5.090432214954673,12.657558550723724,5.090432214954673
LSTM,h1,1,18,219,8.072459581038947,4.925394968355083,11.522298423094018,4.925394968355083
LSTM,h1,1,19,219,8.013772428528329,5.227113841331168,12.156995577760235,5.227113841331168
LSTM,h1,1,20,219,7.847171320116925,5.205806266227267,11.715725577552396,5.205806266227267
LSTM,h1,1,21,219,8.215564596780244,5.379775552444807,12.658588306217633,5.379775552444807
LSTM,h1,1,22,219,9.994339111066047,5.969078129285003,13.930557245713631,5.969078129285003
LSTM,h1,1,23,219,7.713936421823959,5.120117522810148,11.493370194153755,5.120117522810148
LSTM,seq6,1,0,217,42.360209270935705,23.330085007276402,42.52064961045844,23.330085007276402
LSTM,seq6,1,1,217,29.806987802244855,18.062546736633724,27.43315730823561,18.062546736633724
LSTM,seq6,1,2,217,26.31759369770908,16.629398381105766,25.60376676899876,16.629398381105766
LSTM,seq6,1,3,217,25.293317384823958,15.772406725290184,24.726328825869377,15.772406725290184
LSTM,seq6,1,4,218,24.38869085900814,14.955715218815234,23.717713964028263,14.955715218815234
LSTM,seq6,1,5,218,22.617424149280566,13.1793049672328,22.703440195205175,13.1793049672328
LSTM,seq6,1,6,218,21.784858508382946,11.91105369909094,21.879726157462404,11.91105369909094
LSTM,seq6,1,7,218,19.324048890192472,11.42860829939536,22.497653712824363,11.42860829939536
LSTM,seq6,1,8,218,18.41416369604889,11.581668562845353,22.45276620800873,11.581668562845353
LSTM,seq6,1,9,218,19.608822069964276,12.640151058861969,24.396129248186725,12.640151058861969
LSTM,seq6,1,10,218,21.728040847225284,13.395487076645598,24.478049523492786,13.395487076645598
LSTM,seq6,1,11,218,22.423470733317583,14.069778779231081,26.278815970278764,14.069778779231081
LSTM,seq6,1,12,218,22.030428657138025,14.451688849597897,26.93379508916683,14.451688849597897
LSTM,seq6,1,13,218,25.27003731872188,14.83339163797711,26.42201811581822,14.83339163797711
LSTM,seq6,1,14,218,23.731476667398905,14.162042300635521,28.175801886831298,14.162042300635521
LSTM,seq6,1,15,218,22.832554111456364,13.742314434926444,31.076405912454973,13.742314434926444
LSTM,seq6,1,16,218,22.816261672443098,14.393839615200637,34.631242300280505,14.393839615200637
LSTM,seq6,1,17,218,23.521288955700985,14.666336654523096,31.95216494997018,14.666336654523096
LSTM,seq6,1,18,218,24.925507846549245,15.314633791599798,30.487747041511216,15.314633791599798
LSTM,seq6,1,19,217,25.848007549011715,15.97755999059721,27.717079536710354,15.97755999059721
LSTM,seq6,1,20,217,26.364681412823597,16.123625245511807,26.3170254086889,16.123625245511807
LSTM,seq6,1,21,217,27.31916380072409,16.566003531354912,28.8038902575244,16.566003531354912
LSTM,seq6,1,22,217,28.95249890568412,17.739736335068805,30.009787792675574,17.739736335068805
LSTM,seq6,1,23,217,28.34139738416779,16.856999326960832,25.70733600724411,16.856999326960832
LSTM,seq6,2,0,217,42.97126692304693,24.357727171638594,47.34621393017602,24.357727171638594
LSTM,seq6,2,1,217,41.07740771890815,23.572081598818027,45.08858656765586,23.572081598818027
LSTM,seq6,2,2,217,28.411100276589096,18.007131754527993,30.374608330007764,18.007131754527993
LSTM,seq6,2,3,217,26.160433704898388,16.63177296862624,28.507702425489732,16.63177296862624
LSTM,seq6,2,4,217,24.781332304493095,15.842627562685497,27.075322992839794,15.842627562685497
LSTM,seq6,2,5,218,23.32165876773303,14.422290071434931,26.800984478741206,14.422290071434931
LSTM,seq6,2,6,218,20.893514767096597,12.709303879956586,25.214690277838365,12.709303879956586
LSTM,seq6,2,7,218,19.457962541726058,11.779540702837323,23.70279878168286,11.779540702837323
LSTM,seq6,2,8,218,18.651612368335805,11.882400926100004,22.699628451502146,11.882400926100004
LSTM,seq6,2,9,218,19.940707615489554,13.017213567681269,25.820672589608456,13.017213567681269
LSTM,seq6,2,10,218,22.66550413304535,14.051065110285348,27.629377616330736,14.051065110285348
LSTM,seq6,2,11,218,24.566981277886583,14.948558138051164,30.690077528014832,14.948558138051164
LSTM,seq6,2,12,218,22.29330340725183,14.569489848723105,29.978834541431482,14.569489848723105
LSTM,seq6,2,13,218,21.961130370028886,14.228229391465494,27.928608084668618,14.228229391465494
LSTM,seq6,2,14,218,25.176611168701914,14.611511269840625,28.13312753335567,14.611511269840625
LSTM,seq6,2,15,218,24.88180312868513,14.444708430438961,30.280005795533825,14.444708430438961
LSTM,seq6,2,16,218,23.451524688780054,14.734029059016377,37.123423846100046,14.734029059016377
LSTM,seq6,2,17,218,25.15677404293469,15.16595449141406,32.34963173305015,15.16595449141406
LSTM,seq6,2,18,218,25.987365513483176,15.54015366746745,29.749464547160688,15.54015366746745
LSTM,seq6,2,19,218,27.635418312986808,16.60946250618051,29.38360134173798,16.60946250618051
LSTM,seq6,2,20,217,27.434378917604047,17.22287074981197,28.86820290731404,17.22287074981197
LSTM,seq6,2,21,217,27.501226231285997,17.017700513936408,31.43781206516324,17.017700513936408
LSTM,seq6,2,22,217,29.56734497855543,18.281508876431374,35.62558553795524,18.281508876431374
LSTM,seq6,2,23,217,29.570964511913722,18.30808916179815,33.4357975801856,18.30808916179815
LSTM,seq6,3,0,217,43.47538671375919,25.274004551672167,55.0596200603368,25.274004551672167
LSTM,seq6,3,1,217,42.053011859744984,24.857408527954384,52.24250236911699,24.857408527954384
LSTM,seq6,3,2,217,40.14541331996093,24.028005683477023,50.44756366575781,24.028005683477023
LSTM,seq6,3,3,217,28.765284629288967,18.23865249519524,34.81570177878315,18.23865249519524
LSTM,seq6,3,4,217,27.278580058558198,17.355303562181884,35.62659232695052,17.355303562181884
LSTM,seq6,3,5,217,25.349347337955933,15.910869712653797,32.648374424418364,15.910869712653797
LSTM,seq6,3,6,218,23.178095000339045,14.471012244530774,32.08290746939673,14.471012244530774
LSTM,seq6,3,7,218,22.124720589001747,13.946269418121478,30.740075291273765,13.946269418121478
LSTM,seq6,3,8,218,19.83680520903069,12.868825649996417,27.237173951349348,12.868825649996417
LSTM,seq6,3,9,218,21.59699954910528,13.987461888462033,28.45804000571585,13.987461888462033
LSTM,seq6,3,10,218,24.51968921328765,15.511638969456383,31.976137831004152,15.511638969456383
LSTM,seq6,3,11,218,27.07479233930978,16.74104757483946,38.03120622506091,16.74104757483946
LSTM,seq6,3,12,218,26.092605327121166,16.489044250698264,39.95991492740997,16.489044250698264
LSTM,seq6,3,13,218,23.28196964712774,15.211266301093845,33.965776520280826,15.211266301093845
LSTM,seq6,3,14,218,23.356935908157343,14.985273359018729,31.743429695561925,14.985273359018729
LSTM,seq6,3,15,218,27.19397755022585,15.738240261690333,32.35998462673883,15.738240261690333
LSTM,seq6,3,16,218,26.864348041360003,16.132820702474053,41.64265464595862,16.132820702474053
LSTM,seq6,3,17,218,26.73534205453994,16.20011657749841,38.367419968119115,16.20011657749841
LSTM,seq6,3,18,218,28.72673180371653,17.013311617964998,33.06286304977771,17.013311617964998
LSTM,seq6,3,19,218,30.003200575459807,18.220448513643458,32.8582569460911,18.220448513643458
LSTM,seq6,3,20,218,29.959342301661128,18.871279961472258,33.534769298261565,18.871279961472258
LSTM,seq6,3,21,217,29.037023308152406,18.307185750952513,35.814567737076345,18.307185750952513
LSTM,seq6,3,22,217,30.681162368243267,19.333990299207276,40.170391798169696,19.333990299207276
LSTM,seq6,3,23,217,31.075308501123477,19.549191154093236,41.617196682200564,19.549191154093236
LSTM,seq6,4,0,217,43.88366163676626,26.261414960782098,63.70202583710138,26.261414960782098
LSTM,seq6,4,1,217,42.83632055312949,26.12351342829691,60.374869993565184,26.12351342829691
LSTM,seq6,4,2,217,41.32690326873901,25.47605141626525,59.09976738440881,25.47605141626525
LSTM,seq6,4,3,217,39.74759167512507,24.16849447725006,57.012428467264655,24.16849447725006
LSTM,seq6,4,4,217,30.330954791550923,19.72605913355603,42.69419147779019,19.72605913355603
LSTM,seq6,4,5,217,28.780276080311157,18.05119039166358,45.17508523649347,18.05119039166358
LSTM,seq6,4,6,217,26.187581552890745,16.417737930051743,39.76108776668016,16.417737930051743
LSTM,seq6,4,7,218,24.98059829789602,15.805947148471798,39.084599571594175,15.805947148471798
LSTM,seq6,4,8,218,23.891282340583576,15.427810216168744,37.16722761843159,15.427810216168744
LSTM,seq6,4,9,218,23.164090271878834,15.146339534619532,34.591995792136,15.146339534619532
LSTM,seq6,4,10,218,26.76242017094595,16.966377719826653,36.4384310531268,16.966377719826653
LSTM,seq6,4,11,218,29.52249054271294,18.484594076051625,43.95458285560033,18.484594076051625
LSTM,seq6,4,12,218,29.39055641117512,19.141892352235427,51.73038743204192,19.141892352235427
LSTM,seq6,4,13,218,27.54041440559232,17.602889233772906,49.71326523537334,17.602889233772906
LSTM,seq6,4,14,218,25.73650291072201,16.307794439683267,40.204288317270425,16.307794439683267
LSTM,seq6,4,15,218,26.182694624864197,16.196402803473518,37.122311519542336,16.196402803473518
LSTM,seq6,4,16,218,29.826215453252665,17.676317685241,45.84162959674726,17.676317685241
LSTM,seq6,4,17,218,30.607921358289936,18.43579433817382,47.45276343672168,18.43579433817382
LSTM,seq6,4,18,218,30.36327958362105,18.198745650982637,39.820815388948276,18.198745650982637
LSTM,seq6,4,19,218,33.30878914196297,20.047518413001246,38.551077510608685,20.047518413001246
LSTM,seq6,4,20,218,33.38914665241759,21.073002038745706,37.75055419785925,21.073002038745706
LSTM,seq6,4,21,218,31.568305390170767,20.18787107773877,41.56966628826554,20.18787107773877
LSTM,seq6,4,22,217,32.492835030065656,20.54970987161733,44.37514921302228,20.54970987161733
LSTM,seq6,4,23,217,32.87585592169239,20.904707157117432,47.22863045422365,20.904707157117432
LSTM,seq6,5,0,217,44.498329658867156,27.17183955144223,68.44355258631774,27.17183955144223
LSTM,seq6,5,1,217,43.34850925287722,26.97807946183165,68.36178296494663,26.97807946183165
LSTM,seq6,5,2,217,42.12793732144922,26.936904850094,68.29487938121164,26.936904850094
LSTM,seq6,5,3,217,40.86652415709631,25.622600471918485,66.89174892902757,25.622600471918485
LSTM,seq6,5,4,217,40.753478054370596,25.32467821885913,63.43800087793022,25.32467821885913
LSTM,seq6,5,5,217,32.355219625157766,20.93057663209977,54.10768587242575,20.93057663209977
LSTM,seq6,5,6,217,30.03411309184919,19.030727575451547,53.3008659167035,19.030727575451547
LSTM,seq6,5,7,217,28.114568206049235,18.115674475920365,48.3899593919076,18.115674475920365
LSTM,seq6,5,8,218,26.770817991855633,17.532429507019323,46.32302109937436,17.532429507019323
LSTM,seq6,5,9,218,27.144626539012187,17.640223958076685,46.57884921119602,17.640223958076685
LSTM,seq6,5,10,218,28.087613858722236,18.312779684679224,42.91891144012997,18.312779684679224
LSTM,seq6,5,11,218,31.629327099651615,19.96673218700864,49.14772844684178,19.96673218700864
LSTM,seq6,5,12,218,31.89070331132164,20.87805161782361,60.377917506365684,20.87805161782361
LSTM,seq6,5,13,218,30.94743360796008,20.440916446370817,63.08199885828218,20.440916446370817
LSTM,seq6,5,14,218,30.00982488245067,18.972152259371697,60.1090537446951,18.972152259371697
LSTM,seq6,5,15,218,29.106060431026552,18.248051013421573,47.226662039447305,18.248051013421573
LSTM,seq6,5,16,218,29.14333216489189,18.180685410805797,51.48452634171841,18.180685410805797
LSTM,seq6,5,17,218,34.01090707624862,20.307200729300124,53.152597413214686,20.307200729300124
LSTM,seq6,5,18,218,34.31260801152022,20.89949390866341,49.712166563699235,20.89949390866341
LSTM,seq6,5,19,218,34.79771182584945,21.396982459846985,46.07710681033442,21.396982459846985
LSTM,seq6,5,20,218,36.8224616049634,23.261231702402096,44.511361459908045,23.261231702402096
LSTM,seq6,5,21,218,35.10845587017843,22.656328249415125,46.21930136143507,22.656328249415125
LSTM,seq6,5,22,218,34.69947727945095,22.299879034724803,49.58497264401046,22.299879034724803
LSTM,seq6,5,23,217,34.74267916439659,22.298730964484854,51.202061464621366,22.298730964484854
LSTM,seq6,6,0,217,45.57609180578819,28.051846814045707,71.37480517936908,28.051846814045707
LSTM,seq6,6,1,217,43.92863308234842,27.7400451431626,72.83841113889568,27.7400451431626
LSTM,seq6,6,2,217,42.79082850686067,28.07041839959984,77.27427030990569,28.07041839959984
LSTM,seq6,6,3,217,41.661774471121916,26.988271344092585,76.7491515292357,26.988271344092585
LSTM,seq6,6,4,217,41.73612718441668,26.73380074962493,73.55655683786993,26.73380074962493
LSTM,seq6,6,5,217,42.01691076050883,26.680123535718785,75.77766302664226,26.680123535718785
LSTM,seq6,6,6,217,34.098490124647796,22.15517481131488,64.31810827497135,22.15517481131488
LSTM,seq6,6,7,217,31.905072039190152,20.897470203962193,62.77763218559068,20.897470203962193
LSTM,seq6,6,8,217,29.94043299192826,20.006536945219963,56.60550425138092,20.006536945219963
LSTM,seq6,6,9,218,29.717678466677995,19.33933169907386,55.902028442621784,19.33933169907386
LSTM,seq6,6,10,218,31.479527477836516,20.913769017665757,55.60617783598811,20.913769017665757
LSTM,seq6,6,11,218,32.83846734793763,21.449557531864272,56.605868182763906,21.449557531864272
LSTM,seq6,6,12,218,33.94541178890668,21.954742107916317,66.0905240373492,21.954742107916317
LSTM,seq6,6,13,218,33.577366287858645,22.181367351374494,72.15077860310252,22.181367351374494
LSTM,seq6,6,14,218,33.428665879705136,21.820036671577245,74.26531688293156,21.820036671577245
LSTM,seq6,6,15,218,33.250097165169514,21.06303789856237,67.43259566386713,21.06303789856237
LSTM,seq6,6,16,218,32.0093834899148,20.22650780152837,61.79679635216889,20.22650780152837
LSTM,seq6,6,17,218,33.20987471175238,21.134514408374052,59.317286404975135,21.134514408374052
LSTM,seq6,6,18,218,37.9940953518038,22.88593351512874,55.30356276589106,22.88593351512874
LSTM,seq6,6,19,218,38.79307619357848,24.077010896227776,57.21320085801123,24.077010896227776
LSTM,seq6,6,20,218,39.097416722885306,25.007758123065354,52.453762658347244,25.007758123065354
LSTM,seq6,6,21,218,38.46997221751089,24.905406542874257,53.319270407513464,24.905406542874257
LSTM,seq6,6,22,218,38.18988469399357,24.979902755229844,54.185971432018086,24.979902755229844
LSTM,seq6,6,23,218,37.123518950820085,24.06287975923731,56.14111209034903,24.06287975923731
Prophet,h1,1,0,220,37.61573545743277,13.853045164346932,36.18312548154735,13.853045164346932
Prophet,h1,1,1,220,12.967159240670613,7.7322027165773175,18.9261942240338,7.7322027165773175
Prophet,h1,1,2,220,9.246496434865396,5.873482215856118,18.740588240042623,5.873482215856118
Prophet,h1,1,3,220,11.948836972256382,6.4862982973020635,20.14671950308651,6.4862982973020635
Prophet,h1,1,4,220,6.609802503667885,4.756312661373481,16.928634458212876,4.756312661373481
Prophet,h1,1,5,221,8.599200618077328,5.639188445289282,18.28005374583493,5.639188445289282
Prophet,h1,1,6,221,8.937642424599476,5.991875921476232,20.81198498199425,5.991875921476232
Prophet,h1,1,7,221,7.5017949756248035,5.582428691684107,21.557743261444763,5.582428691684107
Prophet,h1,1,8,221,7.992799238124293,6.541237208506954,24.840605101688965,6.541237208506954
Prophet,h1,1,9,221,8.764484059660393,6.997998793081689,28.145823864798864,6.997998793081689
Prophet,h1,1,10,221,10.1343439235948,7.831198892434731,29.660399664443656,7.831198892434731
Prophet,h1,1,11,221,9.965313513809043,6.898422321250122,27.214558857777167,6.898422321250122
Prophet,h1,1,12,221,8.770564045779155,6.622127313449133,25.990489622005793,6.622127313449133
Prophet,h1,1,13,221,8.28071974876081,6.146854746057139,24.275460028627485,6.146854746057139
Prophet,h1,1,14,221,8.73382228535707,6.77124765447917,29.664159676986646,6.77124765447917
Prophet,h1,1,15,221,9.536338983930873,6.871478756712639,31.886063748318954,6.871478756712639
Prophet,h1,1,16,221,8.064029007999556,6.387620534796127,28.26425730646209,6.387620534796127
Prophet,h1,1,17,221,8.896117435036045,6.327758509138326,25.62784328541593,6.327758509138326
Prophet,h1,1,18,221,9.294042473888187,6.551930020587964,25.11594091989079,6.551930020587964
Prophet,h1,1,19,221,9.084809345184661,7.024660969915387,25.477132295519745,7.024660969915387
Prophet,h1,1,20,221,8.855670042518517,6.759053004238572,23.529302106008473,6.759053004238572
Prophet,h1,1,21,221,9.991534149988459,7.190568634481405,23.281197652260634,7.190568634481405
Prophet,h1,1,22,221,8.95517380243891,6.395878062842731,20.465493640359465,6.395878062842731
Prophet,h1,1,23,221,7.406290289575882,5.262469564346747,15.174925333758122,5.262469564346747
Prophet,seq6,1,0,220,37.61573545743277,13.853045164346932,36.18312548154735,13.853045164346932
Prophet,seq6,1,1,220,12.967159240670613,7.7322027165773175,18.9261942240338,7.7322027165773175
Prophet,seq6,1,2,220,9.246496434865396,5.873482215856118,18.740588240042623,5.873482215856118
Prophet,seq6,1,3,220,11.948836972256382,6.4862982973020635,20.14671950308651,6.4862982973020635
Prophet,seq6,1,4,220,6.609802503667885,4.756312661373481,16.928634458212876,4.756312661373481
Prophet,seq6,1,5,221,8.599200618077328,5.639188445289282,18.28005374583493,5.639188445289282
Prophet,seq6,1,6,221,8.937642424599476,5.991875921476232,20.81198498199425,5.991875921476232
Prophet,seq6,1,7,221,7.5017949756248035,5.582428691684107,21.557743261444763,5.582428691684107
Prophet,seq6,1,8,221,7.992799238124293,6.541237208506954,24.840605101688965,6.541237208506954
Prophet,seq6,1,9,221,8.764484059660393,6.997998793081689,28.145823864798864,6.997998793081689
Prophet,seq6,1,10,221,10.1343439235948,7.831198892434731,29.660399664443656,7.831198892434731
Prophet,seq6,1,11,221,9.965313513809043,6.898422321250122,27.214558857777167,6.898422321250122
Prophet,seq6,1,12,221,8.770564045779155,6.622127313449133,25.990489622005793,6.622127313449133
Prophet,seq6,1,13,221,8.28071974876081,6.146854746057139,24.275460028627485,6.146854746057139
Prophet,seq6,1,14,221,8.73382228535707,6.77124765447917,29.664159676986646,6.77124765447917
Prophet,seq6,1,15,221,9.536338983930873,6.871478756712639,31.886063748318954,6.871478756712639
Prophet,seq6,1,16,221,8.064029007999556,6.387620534796127,28.26425730646209,6.387620534796127
Prophet,seq6,1,17,221,8.896117435036045,6.327758509138326,25.62784328541593,6.327758509138326
Prophet,seq6,1,18,221,9.294042473888187,6.551930020587964,25.11594091989079,6.551930020587964
Prophet,seq6,1,19,221,9.084809345184661,7.024660969915387,25.477132295519745,7.024660969915387
Prophet,seq6,1,20,221,8.855670042518517,6.759053004238572,23.529302106008473,6.759053004238572
Prophet,seq6,1,21,221,9.991534149988459,7.190568634481405,23.281197652260634,7.190568634481405
Prophet,seq6,1,22,221,8.95517380243891,6.395878062842731,20.465493640359465,6.395878062842731
Prophet,seq6,1,23,221,7.406290289575882,5.262469564346747,15.174925333758122,5.262469564346747
Prophet,seq6,2,0,220,38.49186907101842,17.345912502835766,47.709619269001905,17.345912502835766
Prophet,seq6,2,1,220,37.40432329765279,17.451714664088453,48.72586365589062,17.451714664088453
Prophet,seq6,2,2,220,20.710979914322774,12.714412945507439,35.42176905901439,12.714412945507439
Prophet,seq6,2,3,220,21.488034898362383,11.75092589951567,37.31686435801596,11.75092589951567
Prophet,seq6,2,4,220,17.179075358023915,10.847106560424763,39.94037733279877,10.847106560424763
Prophet,seq6,2,5,221,13.908262225951164,9.678948474560713,32.280662583849036,9.678948474560713
Prophet,seq6,2,6,221,16.2147974219558,10.82994137823052,36.11379831157173,10.82994137823052
Prophet,seq6,2,7,221,15.452288551195021,10.423707772816822,39.63535549034049,10.423707772816822
Prophet,seq6,2,8,221,14.701368533736368,11.381566830274327,42.89652667192725,11.381566830274327
Prophet,seq6,2,9,221,15.87808749098812,12.710909980037464,50.17625977313222,12.710909980037464
Prophet,seq6,2,10,221,18.392519716284003,14.374143387421647,56.743079598897296,14.374143387421647
Prophet,seq6,2,11,221,19.45869984669119,14.025834036484433,57.84848184600474,14.025834036484433
Prophet,seq6,2,12,221,17.088659720681036,12.74263569960278,51.33168866631208,12.74263569960278
Prophet,seq6,2,13,221,14.910315406137162,11.497602782195745,44.80330590439864,11.497602782195745
Prophet,seq6,2,14,221,15.423652513379725,11.691981292544359,48.06971092941747,11.691981292544359
Prophet,seq6,2,15,221,17.69922216151912,12.807182942608273,56.81822765851416,12.807182942608273
Prophet,seq6,2,16,221,15.888476776682742,12.09091511803785,60.22500707828525,12.09091511803785
Prophet,seq6,2,17,221,15.858605299980114,11.710901181608806,47.44973506824327,11.710901181608806
Prophet,seq6,2,18,221,16.458628156722504,12.086682081404318,45.81182703713085,12.086682081404318
Prophet,seq6,2,19,221,17.582559980611805,12.75481016076728,46.920363030428526,12.75481016076728
Prophet,seq6,2,20,221,15.588393391002604,12.484909017803629,44.72992902244803,12.484909017803629
Prophet,seq6,2,21,221,17.529009859703322,12.75646274806773,45.88349377238249,12.75646274806773
Prophet,seq6,2,22,221,17.763295258935916,13.006152525995008,45.04347593477193,13.006152525995008
Prophet,seq6,2,23,221,14.47546348816375,10.321852376777112,32.77459241771368,10.321852376777112
Prophet,seq6,3,0,220,39.25345936785988,20.24327970950095,58.2134549043976,20.24327970950095
Prophet,seq6,3,1,220,38.37194151983134,19.523964917133444,55.890466870808574,19.523964917133444
Prophet,seq6,3,2,220,36.964809970476104,20.01739427197741,59.83961468733299,20.01739427197741
Prophet,seq6,3,3,220,30.132780595358962,16.590073151777478,50.18703452562144,16.590073151777478
Prophet,seq6,3,4,220,26.32617783943209,15.268917230441017,55.55595959734415,15.268917230441017
Prophet,seq6,3,5,221,21.89582113438938,14.709018206286277,53.969063997097734,14.709018206286277
Prophet,seq6,3,6,221,20.261933029933342,13.76275617991101,45.23716433045402,13.76275617991101
Prophet,seq6,3,7,221,21.553235247334033,14.147406327059953,50.57759240295179,14.147406327059953
Prophet,seq6,3,8,221,20.12766516003319,14.47938819084084,55.02441918603387,14.47938819084084
Prophet,seq6,3,9,221,20.976259935839117,16.09560866355424,62.827708277461724,16.09560866355424
Prophet,seq6,3,10,221,23.314138487822657,17.993689439772908,71.47755929924044,17.993689439772908
Prophet,seq6,3,11,221,26.107222120856736,19.607555146661586,82.01667967886759,19.607555146661586
Prophet,seq6,3,12,221,24.525959632426524,17.78526543950178,75.52132748771928,17.78526543950178
Prophet,seq6,3,13,221,22.024893848528748,16.295036555967112,63.84906698070836,16.295036555967112
Prophet,seq6,3,14,221,19.971650578397533,14.966974849987578,56.87112137763054,14.966974849987578
Prophet,seq6,3,15,221,22.393813564565725,15.617578048363274,62.345686332293546,15.617578048363274
Prophet,seq6,3,16,221,21.91791130007507,15.405673936915578,74.66503234636285,15.405673936915578
Prophet,seq6,3,17,221,20.470600606208563,15.439013356029959,70.38680714524443,15.439013356029959
Prophet,seq6,3,18,221,22.33134953647178,15.772464955123116,58.89563337068304,15.772464955123116
Prophet,seq6,3,19,221,23.115633480523826,16.888635920702722,58.48851640071261,16.888635920702722
Prophet,seq6,3,20,221,21.442951357483228,16.600246323931252,59.07867204685767,16.600246323931252
Prophet,seq6,3,21,221,21.38154521011529,16.548081013352455,62.36158249440743,16.548081013352455
Prophet,seq6,3,22,221,23.539180165220397,16.93455695650993,62.48771258332918,16.93455695650993
Prophet,seq6,3,23,221,21.48060254536556,15.855864024212897,54.35989555779619,15.855864024212897
Prophet,seq6,4,0,220,40.00764258054939,23.327367029859683,67.32300448319182,23.327367029859683
Prophet,seq6,4,1,220,39.0616582630396,21.54919933212281,58.94217307563431,21.54919933212281
Prophet,seq6,4,2,220,37.61767840397642,21.370054396688253,59.62337558621576,21.370054396688253
Prophet,seq6,4,3,220,37.28104723468216,21.158209016725795,63.88791233608278,21.158209016725795
Prophet,seq6,4,4,220,32.73376389556236,18.243171996752512,60.83374192981354,18.243171996752512
Prophet,seq6,4,5,221,28.979727096505503,17.487700568260667,64.15664506664996,17.487700568260667
Prophet,seq6,4,6,221,24.967466964972346,16.695864687850225,54.78727907819451,16.695864687850225
Prophet,seq6,4,7,221,24.06287900458662,15.904453808697175,52.151115378144674,15.904453808697175
Prophet,seq6,4,8,221,23.99330668889116,16.106192979594333,57.31115414037467,16.106192979594333
Prophet,seq6,4,9,221,23.298256162284588,17.27786548345635,64.61965273881619,17.27786548345635
Prophet,seq6,4,10,221,25.32683125970894,18.384761125305154,67.44954740917998,18.384761125305154
Prophet,seq6,4,11,221,28.39063630089896,20.687916319055724,82.0054117224708,20.687916319055724
Prophet,seq6,4,12,221,28.93449187181933,21.152584321081175,90.50790573976045,21.152584321081175
Prophet,seq6,4,13,221,27.365811305873844,19.31669218186321,76.25298151907086,19.31669218186321
Prophet,seq6,4,14,221,25.57354258574692,17.2353889681712,59.16618465141102,17.2353889681712
Prophet,seq6,4,15,221,24.521074939786946,16.342937531441397,53.0985531566586,16.342937531441397
Prophet,seq6,4,16,221,24.774289965353876,16.22096130778984,63.81943560722875,16.22096130778984
Prophet,seq6,4,17,221,24.229773435197362,16.6492504122494,69.08052793481718,16.6492504122494
Prophet,seq6,4,18,221,24.521932348253635,17.45700787339585,64.7855738351981,17.45700787339585
Prophet,seq6,4,19,221,27.647096834281562,18.564215844236006,59.37494581177367,18.564215844236006
Prophet,seq6,4,20,221,26.522667134060743,18.83922148502133,58.2106537059658,18.83922148502133
Prophet,seq6,4,21,221,23.76429278598,17.959320013860935,64.78167680632599,17.959320013860935
Prophet,seq6,4,22,221,25.15146180035615,18.690527393651067,68.59400357453093,18.690527393651067
Prophet,seq6,4,23,221,25.78465395741111,18.686927939348294,61.256586169499705,18.686927939348294
Prophet,seq6,5,0,220,41.37938843014889,26.179820066616493,80.36079891344565,26.179820066616493
Prophet,seq6,5,1,220,39.714075974002554,24.442922109188935,72.08559115597288,24.442922109188935
Prophet,seq6,5,2,220,38.39238124105056,23.47067292489385,66.75834575736165,23.47067292489385
Prophet,seq6,5,3,220,37.86890999514479,22.92152999287615,68.91302182808803,22.92152999287615
Prophet,seq6,5,4,220,38.67873490420127,23.25939379832589,70.17367603331196,23.25939379832589
Prophet,seq6,5,5,221,35.57486648009367,21.133955676791448,77.89727293571144,21.133955676791448
Prophet,seq6,5,6,221,32.45354827959123,20.912598301619834,74.81774031491814,20.912598301619834
Prophet,seq6,5,7,221,28.864348306804047,19.70157802271929,68.36380539188053,19.70157802271929
Prophet,seq6,5,8,221,27.50244255339246,18.963994428184854,65.73298705043747,18.963994428184854
Prophet,seq6,5,9,221,27.75952250510294,19.71779185749979,73.83943765926897,19.71779185749979
Prophet,seq6,5,10,221,28.836148280151477,21.49607703088355,82.47984949273966,21.49607703088355
Prophet,seq6,5,11,221,31.176319012575306,22.438730019177523,88.75222930074315,22.438730019177523
Prophet,seq6,5,12,221,31.76797094193161,23.173715338293785,104.21370636579759,23.173715338293785
Prophet,seq6,5,13,221,32.07549591399595,23.195505107984207,102.57271233864351,23.195505107984207
Prophet,seq6,5,14,221,31.133381522648136,21.885900519563787,87.94989421788965,21.885900519563787
Prophet,seq6,5,15,221,30.390133204315582,19.856178317123963,67.20198029616698,19.856178317123963
Prophet,seq6,5,16,221,27.682258369274752,18.039939836784956,65.679628854741,18.039939836784956
Prophet,seq6,5,17,221,27.733389594013644,18.640737974986518,70.63342036860327,18.640737974986518
Prophet,seq6,5,18,221,28.352923926679537,19.57026305376507,72.2460607870907,19.57026305376507
Prophet,seq6,5,19,221,29.685038864236056,20.647692964494365,73.94938292915954,20.647692964494365
Prophet,seq6,5,20,221,31.114539312477948,21.309481671784933,68.3591670923074,21.309481671784933
Prophet,seq6,5,21,221,28.99671103499452,21.17215213738246,71.8933703355795,21.17215213738246
Prophet,seq6,5,22,221,27.461103557740422,20.64634609914131,75.76220135803054,20.64634609914131
Prophet,seq6,5,23,221,28.590632505062445,21.76748265073306,75.52001665351179,21.76748265073306
Prophet,seq6,6,0,220,41.8338592596,26.99319221850141,81.1980856176711,26.99319221850141
Prophet,seq6,6,1,220,40.7301446208871,26.620303817391942,77.94550718280024,26.620303817391942
Prophet,seq6,6,2,220,38.92360330545181,25.608035106646508,74.27119415807466,25.608035106646508
Prophet,seq6,6,3,220,38.352716699542164,24.669381443864367,70.80512719637314,24.669381443864367
Prophet,seq6,6,4,220,39.14613037391015,24.449992622064713,70.11426133209532,24.449992622064713
Prophet,seq6,6,5,220,39.850441512712315,25.168292970892995,77.16179115466875,25.168292970892995
Prophet,seq6,6,6,221,37.65986546670415,23.403757805147634,78.59644836219424,23.403757805147634
Prophet,seq6,6,7,221,34.586608005560834,23.177432252332714,82.03062811733824,23.177432252332714
Prophet,seq6,6,8,221,31.067008222807246,21.843212267709006,76.03802998700034,21.843212267709006
Prophet,seq6,6,9,221,30.320834186865078,21.6625993524352,77.4131895528821,21.6625993524352
Prophet,seq6,6,10,221,31.563907541760603,22.73154864942165,82.8447781850842,22.73154864942165
Prophet,seq6,6,11,221,33.188330511441116,24.09524201086918,92.17657856380193,24.09524201086918
Prophet,seq6,6,12,221,33.55802987774527,24.141442904919252,103.62697687841253,24.141442904919252
Prophet,seq6,6,13,221,33.96425892054405,24.120349120681745,106.2446854154126,24.120349120681745
Prophet,seq6,6,14,221,34.72641595286521,24.42947451363215,104.85804727291537,24.42947451363215
Prophet,seq6,6,15,221,34.758165135355426,23.48362957304553,88.02383941813481,23.48362957304553
Prophet,seq6,6,16,221,32.78284041180739,20.549556845443377,73.45225541839139,20.549556845443377
Prophet,seq6,6,17,221,30.53163013442248,20.2007023106969,66.33206947838049,20.2007023106969
Prophet,seq6,6,18,221,31.058315521947005,20.67656383688573,67.27123649153691,20.67656383688573
Prophet,seq6,6,19,221,32.88523568055063,21.678023765339717,75.36708642103682,21.678023765339717
Prophet,seq6,6,20,221,33.00709081180893,22.71764745790266,75.04028427441438,22.71764745790266
Prophet,seq6,6,21,221,32.989138612409285,22.768975105405556,75.3119591361444,22.768975105405556
Prophet,seq6,6,22,221,31.865404502857466,23.128774186839802,73.54233193576589,23.128774186839802
Prophet,seq6,6,23,221,30.298493936777092,22.911113356373757,76.59701235881363,22.911113356373757
Transformer,h1,1,0,218,37.37950920992866,14.20861190612163,32.87671708671154,14.20861190612163
Transformer,h1,1,1,218,10.558829218499266,6.768938582971556,12.641831635096109,6.768938582971556
Transformer,h1,1,2,218,8.215022278190862,5.159428498066894,11.325164562034294,5.159428498066894
Transformer,h1,1,3,218,9.568230037064872,5.107504510004585,10.976250964941766,5.107504510004585
Transformer,h1,1,4,219,7.206022523040974,4.633947461707407,9.830849855415364,4.633947461707407
Transformer,h1,1,5,219,6.703522187981126,4.470712888186381,10.763059609195823,4.470712888186381
Transformer,h1,1,6,219,6.671393141799366,4.505340724230901,10.654052455001624,4.505340724230901
Transformer,h1,1,7,219,5.730829550137696,4.148929770134355,11.476836892400977,4.148929770134355
Transformer,h1,1,8,219,6.1954031435481145,4.361780079532431,11.183105745119148,4.361780079532431
Transformer,h1,1,9,219,7.137713300012696,4.888606907570199,12.93616549983888,4.888606907570199
Transformer,h1,1,10,219,7.805121957874987,5.186952704163991,12.619122603262896,5.186952704163991
Transformer,h1,1,11,219,7.8994730637226915,4.979411869832914,12.047404351358766,4.979411869832914
Transformer,h1,1,12,219,7.564372831585798,4.89049612114963,11.92844262297975,4.89049612114963
Transformer,h1,1,13,219,10.253494495783851,5.294144410520928,11.206929869169187,5.294144410520928
Transformer,h1,1,14,219,7.773946544723493,4.616656562509058,11.328335563827611,4.616656562509058
Transformer,h1,1,15,219,7.9395139919399025,4.766595169833806,12.833730929921657,4.766595169833806
Transformer,h1,1,16,219,7.4532690532160375,4.941642351890808,14.697877769654305,4.941642351890808
Transformer,h1,1,17,219,8.764751428901713,5.079161299962431,11.941494398292171,5.079161299962431
Transformer,h1,1,18,219,9.500347203488552,5.098244050866392,12.610183720524299,5.098244050866392
Transformer,h1,1,19,219,8.586274956609294,5.427785350851817,12.421175052688765,5.427785350851817
Transformer,h1,1,20,219,8.983716486910737,5.498325043072985,12.5502628825359,5.498325043072985
Transformer,h1,1,21,219,9.594936316057892,5.995515366123148,13.238452909689796,5.995515366123148
Transformer,h1,1,22,219,10.512184354010481,6.230951550888689,13.8678267274294,6.230951550888689
Transformer,h1,1,23,219,8.847123738898881,5.582948922022292,10.845790250070497,5.582948922022292
Transformer,seq6,1,0,217,39.217510923446795,19.122675840481087,44.50563415819168,19.122675840481087
Transformer,seq6,1,1,217,26.79306709637218,12.884617867420346,23.880822957288167,12.884617867420346
Transformer,seq6,1,2,217,22.9746695097136,11.934501277411588,26.01396886209903,11.934501277411588
Transformer,seq6,1,3,217,18.470849470316143,10.936723156184096,24.664120156119974,10.936723156184096
Transformer,seq6,1,4,218,17.784520921438656,10.554555041527529,25.481169977940922,10.554555041527529
Transformer,seq6,1,5,218,16.802497175239683,9.731108989600742,25.13794025438965,9.731108989600742
Transformer,seq6,1,6,218,15.154177484606608,9.374719273606571,25.477029535331464,9.374719273606571
Transformer,seq6,1,7,218,14.989496297067626,10.534825573410464,26.714264221167184,10.534825573410464
Transformer,seq6,1,8,218,14.50070094664549,10.541579709140533,25.81790407883382,10.541579709140533
Transformer,seq6,1,9,218,14.975211561406617,10.80998578777007,26.24794384161817,10.80998578777007
Transformer,seq6,1,10,218,14.274314788050132,10.106897707926024,26.367158553359626,10.106897707926024
Transformer,seq6,1,11,218,12.282864171355682,8.530381459982022,26.260117844332342,8.530381459982022
Transformer,seq6,1,12,218,10.9821046890024,8.058509374703837,26.148349285046447,8.058509374703837
Transformer,seq6,1,13,218,13.393790864819655,8.197144366459016,25.48456906574556,8.197144366459016
Transformer,seq6,1,14,218,12.779823166622474,8.623448224789506,25.148092521769666,8.623448224789506
Transformer,seq6,1,15,218,14.112296796152547,9.608616616747796,29.763673315423674,9.608616616747796
Transformer,seq6,1,16,218,12.508569899784188,9.009639596173523,28.75263458748239,9.009639596173523
Transformer,seq6,1,17,218,13.913131343858335,9.789352781728867,28.90268447893225,9.789352781728867
Transformer,seq6,1,18,218,15.132021346701,10.966876664839754,30.33565090441185,10.966876664839754
Transformer,seq6,1,19,217,14.38455768431709,10.180427741070497,25.992722734901086,10.180427741070497
Transformer,seq6,1,20,217,15.09527323987274,10.443112270073957,26.21447519593008,10.443112270073957
Transformer,seq6,1,21,217,15.344479866024077,10.361740589965873,25.445190959879355,10.361740589965873
Transformer,seq6,1,22,217,16.742577538326614,11.000552880599201,26.111445096867097,11.000552880599201
Transformer,seq6,1,23,217,16.62598330788368,11.06985834721596,24.193812571656075,11.06985834721596
Transformer,seq6,2,0,217,40.081753332179794,20.67704575347461,47.43922235308092,20.67704575347461
Transformer,seq6,2,1,217,38.565515857877095,19.89869451138281,47.52989954373143,19.89869451138281
Transformer,seq6,2,2,217,25.851038316842605,13.891603244614492,27.600408994222075,13.891603244614492
Transformer,seq6,2,3,217,22.07133299258093,12.402056284214494,28.131105262290706,12.402056284214494
Transformer,seq6,2,4,217,20.014655903995486,11.820428659839015,28.077745207438294,11.820428659839015
Transformer,seq6,2,5,218,18.809347595093012,11.402900380825777,28.410793810547702,11.402900380825777
Transformer,seq6,2,6,218,16.23837259612419,10.859974045272267,29.853971840615785,10.859974045272267
Transformer,seq6,2,7,218,14.329762945793426,9.901155141788886,29.486695571983663,9.901155141788886
Transformer,seq6,2,8,218,14.47153109153461,10.20581476568082,27.5465422522123,10.20581476568082
Transformer,seq6,2,9,218,15.204245258879082,10.933145068107395,27.70966588258681,10.933145068107395
Transformer,seq6,2,10,218,18.305091384556,12.356538990221987,30.8055067576385,12.356538990221987
Transformer,seq6,2,11,218,19.214152262694025,11.755172255389187,32.509950631740516,11.755172255389187
Transformer,seq6,2,12,218,14.592294013602281,10.127706069738492,28.84913381704766,10.127706069738492
Transformer,seq6,2,13,218,14.079446076628594,9.954916320536114,29.507665763441732,9.954916320536114
Transformer,seq6,2,14,218,16.561437146164252,10.304046356896741,28.10304289199398,10.304046356896741
Transformer,seq6,2,15,218,18.00247267732032,10.919236305656783,30.58093168088305,10.919236305656783
Transformer,seq6,2,16,218,16.347573834298395,11.169791321688836,36.53035732737949,11.169791321688836
Transformer,seq6,2,17,218,16.233207194730294,10.744453443846572,29.065283852908347,10.744453443846572
Transformer,seq6,2,18,218,16.859598100935976,11.321082377652509,30.92879991587087,11.321082377652509
Transformer,seq6,2,19,218,18.222830210219346,12.636655562514559,31.843821341642958,12.636655562514559
Transformer,seq6,2,20,217,17.154787566814672,11.767041010241355,27.658724101545452,11.767041010241355
Transformer,seq6,2,21,217,19.585978397891036,12.392798954990052,31.36349905978096,12.392798954990052
Transformer,seq6,2,22,217,19.754260175836805,13.273235394658032,33.38094936647743,13.273235394658032
Transformer,seq6,2,23,217,19.734244927674435,13.276841873397476,30.111040150485664,13.276841873397476
Transformer,seq6,3,0,217,40.6279622453954,22.42330129190524,53.67332924612378,22.42330129190524
Transformer,seq6,3,1,217,39.9294783930933,22.090082717655992,53.088199622291434,22.090082717655992
Transformer,seq6,3,2,217,37.80669706605813,20.627399699479206,52.399283508472664,20.627399699479206
Transformer,seq6,3,3,217,25.9836087837044,14.830457358865694,32.01551830953074,14.830457358865694
Transformer,seq6,3,4,217,24.248805638226543,14.20645305816479,31.86510648206411,14.20645305816479
Transformer,seq6,3,5,217,22.770851639403798,13.765861207988404,34.78850177453745,13.765861207988404
Transformer,seq6,3,6,218,20.613134088060264,13.373193966686179,35.70496936961425,13.373193966686179
Transformer,seq6,3,7,218,18.358714240246076,12.511844319487931,37.42455937006503,12.511844319487931
Transformer,seq6,3,8,218,15.850773407752717,11.682049749641244,34.80716315416977,11.682049749641244
Transformer,seq6,3,9,218,17.81209318094771,12.39418204470512,32.02352966443033,12.39418204470512
Transformer,seq6,3,10,218,19.94797774512123,13.545742542918669,34.8622513681427,13.545742542918669
Transformer,seq6,3,11,218,24.042193600405504,15.045857897865663,40.06899723425469,15.045857897865663
Transformer,seq6,3,12,218,22.459627538264467,13.859347292042653,39.78057654862544,13.859347292042653
Transformer,seq6,3,13,218,18.5643872491816,12.539155605462714,34.79884640367442,12.539155605462714
Transformer,seq6,3,14,218,18.344772234521493,12.293759953811628,33.83948902194812,12.293759953811628
Transformer,seq6,3,15,218,22.934184913930856,13.151872919240128,34.29736150028923,13.151872919240128
Transformer,seq6,3,16,218,21.74228686501912,12.669154441958174,44.025797724387985,12.669154441958174
Transformer,seq6,3,17,218,20.100592612447908,13.052081240699925,39.31413391235852,13.052081240699925
Transformer,seq6,3,18,218,20.639760684009904,12.973027394725642,32.478465409511834,12.973027394725642
Transformer,seq6,3,19,218,21.608561587236142,14.098926785889022,36.09178880626163,14.098926785889022
Transformer,seq6,3,20,218,20.723443708257548,14.113936037372012,34.061348178143895,14.113936037372012
Transformer,seq6,3,21,217,21.26711722417606,14.149378336519689,33.726483612789146,14.149378336519689
Transformer,seq6,3,22,217,24.98719121956419,15.831917156821572,41.84943378409337,15.831917156821572
Transformer,seq6,3,23,217,23.474654983076068,16.126771624049834,39.53649043617732,16.126771624049834
Transformer,seq6,4,0,217,41.623360933497466,24.527596564886206,62.85384228218342,24.527596564886206
Transformer,seq6,4,1,217,40.42164407465087,23.241855656908406,58.2567404797808,23.241855656908406
Transformer,seq6,4,2,217,39.280622548394845,23.151211922893875,59.07707426786364,23.151211922893875
Transformer,seq6,4,3,217,37.60385871121779,21.66679138274786,58.760462757222896,21.66679138274786
Transformer,seq6,4,4,217,28.15235798567022,17.0544562438666,37.40417756351791,17.0544562438666
Transformer,seq6,4,5,217,27.193966567508152,16.553332230737134,39.40555191399478,16.553332230737134
Transformer,seq6,4,6,217,24.898383468299752,15.699289428198941,41.81616259940688,15.699289428198941
Transformer,seq6,4,7,218,23.39566209031911,15.79603940986712,44.300064382912105,15.79603940986712
Transformer,seq6,4,8,218,20.492792818134838,14.443353773120347,44.14857360003496,14.443353773120347
Transformer,seq6,4,9,218,20.178894001947132,14.363534287848603,41.21833107598655,14.363534287848603
Transformer,seq6,4,10,218,23.438459767475532,15.263365457364179,39.01729875956962,15.263365457364179
Transformer,seq6,4,11,218,25.888677982458002,16.738823754798382,44.987961223953704,16.738823754798382
Transformer,seq6,4,12,218,27.228075872705894,17.300708088032696,51.0330205079662,17.300708088032696
Transformer,seq6,4,13,218,25.293476940698675,15.941764629215275,50.54411999177434,15.941764629215275
Transformer,seq6,4,14,218,22.941769495954762,14.993328663460705,40.67749737797986,14.993328663460705
Transformer,seq6,4,15,218,23.697733666027595,14.923324126716054,39.96666203162007,14.923324126716054
Transformer,seq6,4,16,218,26.8897477971769,15.176075449230474,50.19662026553643,15.176075449230474
Transformer,seq6,4,17,218,25.171984519379453,14.818301086305478,50.71110042378958,14.818301086305478
Transformer,seq6,4,18,218,23.95620231717562,15.464188083869601,41.414454128462886,15.464188083869601
Transformer,seq6,4,19,218,25.55621786909591,15.705335363335566,37.3479528019303,15.705335363335566
Transformer,seq6,4,20,218,25.673572805497123,16.62959307541541,39.27512380928365,16.62959307541541
Transformer,seq6,4,21,218,23.64616116630198,15.973417520249656,40.25406168332848,15.973417520249656
Transformer,seq6,4,22,217,26.50420578309897,17.105346758244774,42.04194355021747,17.105346758244774
Transformer,seq6,4,23,217,28.461041320151097,18.82136299203618,49.51869314228114,18.82136299203618
Transformer,seq6,5,0,217,43.1861252908362,26.106952174467974,71.55513247512398,26.106952174467974
Transformer,seq6,5,1,217,41.30655750547741,25.08911748855345,66.3277937122797,25.08911748855345
Transformer,seq6,5,2,217,39.739865237374524,24.426838129072145,64.5007085294273,24.426838129072145
Transformer,seq6,5,3,217,38.94057328253882,23.85129963582562,65.38331568129203,23.85129963582562
Transformer,seq6,5,4,217,38.99795553426792,23.097800777804466,63.46008573664265,23.097800777804466
Transformer,seq6,5,5,217,31.383525991834283,19.656021314282572,46.270244721892134,19.656021314282572
Transformer,seq6,5,6,217,29.291059928304897,18.514521085172206,48.22812808463736,18.514521085172206
Transformer,seq6,5,7,217,27.385624852813056,17.982645723951578,51.12598291527175,17.982645723951578
Transformer,seq6,5,8,218,25.414707092522274,17.671096656300605,50.82756950596385,17.671096656300605
Transformer,seq6,5,9,218,23.995149412964416,16.930035833645306,51.066310264835366,16.930035833645306
Transformer,seq6,5,10,218,25.622042726064173,17.450981319497483,47.3195789562107,17.450981319497483
Transformer,seq6,5,11,218,28.782985686915342,18.245145293003922,48.708413254681474,18.245145293003922
Transformer,seq6,5,12,218,28.87956478464855,18.898198995568336,58.43982920493035,18.898198995568336
Transformer,seq6,5,13,218,29.817357679321056,19.17965446426234,61.51638202200227,19.17965446426234
Transformer,seq6,5,14,218,28.85334547219365,18.297115206718445,60.74905602640236,18.297115206718445
Transformer,seq6,5,15,218,27.735316248337057,17.5337353764324,45.37793250951023,17.5337353764324
Transformer,seq6,5,16,218,27.35320228945098,17.03212448817874,53.01538639290926,17.03212448817874
Transformer,seq6,5,17,218,30.600784018353615,18.331519457998624,58.31734609809159,18.331519457998624
Transformer,seq6,5,18,218,28.678908876793162,17.889101172259096,52.305905438705565,17.889101172259096
Transformer,seq6,5,19,218,28.675332820082474,18.065760131822813,45.85068855449138,18.065760131822813
Transformer,seq6,5,20,218,29.598711261705084,18.58356762178447,40.9911338198574,18.58356762178447
Transformer,seq6,5,21,218,28.60715093810051,18.58843861561303,45.230234384319324,18.58843861561303
Transformer,seq6,5,22,218,28.103905612663134,18.580902024693444,47.67997406873756,18.580902024693444
Transformer,seq6,5,23,217,29.93877058108762,19.763322795591048,49.298936587099355,19.763322795591048
Transformer,seq6,6,0,217,43.20812566599678,26.200089516727605,70.68714081857873,26.200089516727605
Transformer,seq6,6,1,217,42.618196070781174,26.740811743494554,75.59606220582191,26.740811743494554
Transformer,seq6,6,2,217,40.51749384986847,26.341590275962233,73.73029698950039,26.341590275962233
Transformer,seq6,6,3,217,39.27448621011555,25.381540172111055,71.72004030922488,25.381540172111055
Transformer,seq6,6,4,217,40.168611734186086,25.113689014164535,70.29694337756996,25.113689014164535
Transformer,seq6,6,5,217,40.621822512524325,25.18083448783593,72.70957463334783,25.18083448783593
Transformer,seq6,6,6,217,33.715736073122414,21.869536269095637,57.16714774598557,21.869536269095637
Transformer,seq6,6,7,217,31.564762579258925,20.9314191206809,58.86862219418503,20.9314191206809
Transformer,seq6,6,8,217,29.54040232923646,20.462964652320757,60.00641365795031,20.462964652320757
Transformer,seq6,6,9,218,28.39190306448815,19.752578741913542,57.70307970619357,19.752578741913542
Transformer,seq6,6,10,218,28.607968665931843,19.991567063222238,56.885868864791156,19.991567063222238
Transformer,seq6,6,11,218,30.603108453652922,20.315205326594345,56.368140453878645,20.315205326594345
Transformer,seq6,6,12,218,31.211744489406623,20.324884854052044,64.08652297255443,20.324884854052044
Transformer,seq6,6,13,218,31.244742618099764,20.65602101918754,69.17285928069195,20.65602101918754
Transformer,seq6,6,14,218,32.90912324763015,21.276215932784826,72.52119263388698,21.276215932784826
Transformer,seq6,6,15,218,32.76307254110309,20.64234066036863,65.35612907663072,20.64234066036863
Transformer,seq6,6,16,218,30.75470051832492,19.26098189632827,57.923511612470314,19.26098189632827
Transformer,seq6,6,17,218,31.461733639434353,20.192338886064128,60.46510158993074,20.192338886064128
Transformer,seq6,6,18,218,34.01271464025057,21.145934391459193,58.45014270621793,21.145934391459193
Transformer,seq6,6,19,218,33.1195934925022,20.852829449767366,59.103314227256696,20.852829449767366
Transformer,seq6,6,20,218,32.920364536380184,21.2116036759604,50.055733137543456,21.2116036759604
Transformer,seq6,6,21,218,32.160735650432585,20.681152300003472,47.58660808521725,20.681152300003472
Transformer,seq6,6,22,218,32.39232190223483,20.906964770697673,51.22848451096286,20.906964770697673
Transformer,seq6,6,23,218,31.349220350017678,21.106787901405895,56.52475744703928,21.106787901405895
XGBoost,h1,1,0,220,37.24632462351054,14.7699227948306,32.50911237796229,14.7699227948306
XGBoost,h1,1,1,220,15.712949330305932,7.703970626697056,13.796391151152934,7.703970626697056
XGBoost,h1,1,2,220,10.050827579712044,5.269854412124355,10.15514351600705,5.269854412124355
XGBoost,h1,1,3,220,8.113543711691975,4.36562280177529,9.660782019772048,4.36562280177529
XGBoost,h1,1,4,220,6.683975167985928,3.9058577577198372,9.723147330115287,3.9058577577198372
XGBoost,h1,1,5,221,8.556707822005759,4.624377648843204,10.015531169033594,4.624377648843204
XGBoost,h1,1,6,221,7.975975515264862,4.660463066275066,10.393118942780571,4.660463066275066
XGBoost,h1,1,7,221,6.242111910241591,3.9186282994238395,10.322970846173675,3.9186282994238395
XGBoost,h1,1,8,221,5.3667927234872375,3.733847611458895,9.342505523180074,3.733847611458895
XGBoost,h1,1,9,221,6.7601966647346545,4.545809531676003,9.807349176531236,4.545809531676003
XGBoost,h1,1,10,221,7.607691481218406,4.914943130033882,11.254711468395817,4.914943130033882
XGBoost,h1,1,11,221,7.031661353274508,4.223612111872609,9.873653235016532,4.223612111872609
XGBoost,h1,1,12,221,7.6524907780701685,4.376945578236715,9.924559356841064,4.376945578236715
XGBoost,h1,1,13,221,10.84494466697435,4.864762937841217,9.108828626462268,4.864762937841217
XGBoost,h1,1,14,221,7.260951678472535,4.297420185646299,10.160992997610817,4.297420185646299
XGBoost,h1,1,15,221,6.524210285426449,4.035268746763619,11.381688830071113,4.035268746763619
XGBoost,h1,1,16,221,7.9366878900091455,4.601234785898338,12.33018390750817,4.601234785898338
XGBoost,h1,1,17,221,8.651841003279381,4.823884893522376,11.199094278375954,4.823884893522376
XGBoost,h1,1,18,221,10.82403069550364,5.098871885414642,10.473058144730372,5.098871885414642
XGBoost,h1,1,19,221,8.949491772811951,4.969175399251672,10.6247348585625,4.969175399251672
XGBoost,h1,1,20,221,7.809059347799725,4.899573780061609,10.361894279224813,4.899573780061609
XGBoost,h1,1,21,221,8.04384515883959,4.982636417845576,10.373667741303862,4.982636417845576
XGBoost,h1,1,22,221,8.947603602689057,5.3774295199397155,11.922206567155172,5.3774295199397155
XGBoost,h1,1,23,221,7.114304013940905,4.560499482723736,9.409215885819828,4.560499482723736
XGBoost,seq6,1,0,220,37.24632462351054,14.7699227948306,32.50911237796229,14.7699227948306
XGBoost,seq6,1,1,220,15.712949330305932,7.703970626697056,13.796391151152934,7.703970626697056
XGBoost,seq6,1,2,220,10.050827579712044,5.269854412124355,10.15514351600705,5.269854412124355
XGBoost,seq6,1,3,220,8.113543711691975,4.36562280177529,9.660782019772048,4.36562280177529
XGBoost,seq6,1,4,220,6.683975167985928,3.9058577577198372,9.723147330115287,3.9058577577198372
XGBoost,seq6,1,5,221,8.556707822005759,4.624377648843204,10.015531169033594,4.624377648843204
XGBoost,seq6,1,6,221,7.975975515264862,4.660463066275066,10.393118942780571,4.660463066275066
XGBoost,seq6,1,7,221,6.242111910241591,3.9186282994238395,10.322970846173675,3.9186282994238395
XGBoost,seq6,1,8,221,5.3667927234872375,3.733847611458895,9.342505523180074,3.733847611458895
XGBoost,seq6,1,9,221,6.7601966647346545,4.545809531676003,9.807349176531236,4.545809531676003
XGBoost,seq6,1,10,221,7.607691481218406,4.914943130033882,11.254711468395817,4.914943130033882
XGBoost,seq6,1,11,221,7.031661353274508,4.223612111872609,9.873653235016532,4.223612111872609
XGBoost,seq6,1,12,221,7.6524907780701685,4.376945578236715,9.924559356841064,4.376945578236715
XGBoost,seq6,1,13,221,10.84494466697435,4.864762937841217,9.108828626462268,4.864762937841217
XGBoost,seq6,1,14,221,7.260951678472535,4.297420185646299,10.160992997610817,4.297420185646299
XGBoost,seq6,1,15,221,6.524210285426449,4.035268746763619,11.381688830071113,4.035268746763619
XGBoost,seq6,1,16,221,7.9366878900091455,4.601234785898338,12.33018390750817,4.601234785898338
XGBoost,seq6,1,17,221,8.651841003279381,4.823884893522376,11.199094278375954,4.823884893522376
XGBoost,seq6,1,18,221,10.82403069550364,5.098871885414642,10.473058144730372,5.098871885414642
XGBoost,seq6,1,19,221,8.949491772811951,4.969175399251672,10.6247348585625,4.969175399251672
XGBoost,seq6,1,20,221,7.809059347799725,4.899573780061609,10.361894279224813,4.899573780061609
XGBoost,seq6,1,21,221,8.04384515883959,4.982636417845576,10.373667741303862,4.982636417845576
XGBoost,seq6,1,22,221,8.947603602689057,5.3774295199397155,11.922206567155172,5.3774295199397155
XGBoost,seq6,1,23,221,7.114304013940905,4.560499482723736,9.409215885819828,4.560499482723736
XGBoost,seq6,2,0,220,37.34961450945307,17.170689538834452,38.71412716016686,17.170689538834452
XGBoost,seq6,2,1,220,36.57027998058496,16.835346695482706,39.059819580449805,16.835346695482706
XGBoost,seq6,2,2,220,18.394783452099713,10.336429569525285,21.69529596098598,10.336429569525285
XGBoost,seq6,2,3,220,17.559418065979425,8.965364597411416,18.660291415128626,8.965364597411416
XGBoost,seq6,2,4,220,15.490287976160731,8.08824791458116,18.56401305559356,8.08824791458116
XGBoost,seq6,2,5,221,14.562358887925056,8.02699465917886,18.16324258324397,8.02699465917886
XGBoost,seq6,2,6,221,13.829851869356611,7.65224870732455,17.726358967832052,7.65224870732455
XGBoost,seq6,2,7,221,11.96938838965902,7.16890531145384,18.521082265489795,7.16890531145384
XGBoost,seq6,2,8,221,10.168676058926208,6.871051850476849,17.267297819889965,6.871051850476849
XGBoost,seq6,2,9,221,11.355340498755025,7.223611596317069,17.271693214839758,7.223611596317069
XGBoost,seq6,2,10,221,13.98778173347634,8.85179146016959,19.14022822446574,8.85179146016959
XGBoost,seq6,2,11,221,15.75435170181403,8.65559566428344,20.091163296067013,8.65559566428344
XGBoost,seq6,2,12,221,14.282038788157168,8.422621713060336,18.91608712174823,8.422621713060336
XGBoost,seq6,2,13,221,12.512332383610781,7.505869207606252,15.013312952343917,7.505869207606252
XGBoost,seq6,2,14,221,17.022104335276282,8.191627757466863,14.91953140971291,8.191627757466863
XGBoost,seq6,2,15,221,13.937232307216112,7.6703070551724695,18.43210695680201,7.6703070551724695
XGBoost,seq6,2,16,221,12.77101977308473,7.8774833898227055,23.13887350308731,7.8774833898227055
XGBoost,seq6,2,17,221,16.136372315601275,8.649467253984271,18.835715996946863,8.649467253984271
XGBoost,seq6,2,18,221,14.02979339830699,8.314697797927511,16.87318760475078,8.314697797927511
XGBoost,seq6,2,19,221,16.031985306382456,8.814530987091478,18.651543177899534,8.814530987091478
XGBoost,seq6,2,20,221,13.410749138672834,8.719270706197056,18.11656325974158,8.719270706197056
XGBoost,seq6,2,21,221,15.256280296602492,8.978192886466118,20.717786588724916,8.978192886466118
XGBoost,seq6,2,22,221,15.18117689697589,9.258544661859572,22.510216574866043,9.258544661859572
XGBoost,seq6,2,23,221,15.652714227181033,9.065572138070362,20.13125237617931,9.065572138070362
XGBoost,seq6,3,0,220,40.05428733902096,21.377397397171848,47.98435412501583,21.377397397171848
XGBoost,seq6,3,1,220,37.776068210251736,19.64530617173212,47.358057821980786,19.64530617173212
XGBoost,seq6,3,2,220,36.63124619874648,19.2981455363112,47.35830909651691,19.2981455363112
XGBoost,seq6,3,3,220,23.634798554621394,13.367683558381515,30.807971159166264,13.367683558381515
XGBoost,seq6,3,4,220,22.489478864216192,12.753882354912498,31.519496710290007,12.753882354912498
XGBoost,seq6,3,5,221,21.074569041183665,12.014225397181999,28.95348487145854,12.014225397181999
XGBoost,seq6,3,6,221,20.576719505593164,12.171131770807879,28.5541071768597,12.171131770807879
XGBoost,seq6,3,7,221,18.09870653666904,10.754455412015615,29.075034379703553,10.754455412015615
XGBoost,seq6,3,8,221,15.547609281504743,10.316898389734572,27.944635862260313,10.316898389734572
XGBoost,seq6,3,9,221,16.113079124146058,10.556016428012486,27.276892615351944,10.556016428012486
XGBoost,seq6,3,10,221,18.504324461176783,12.04666453061424,28.876262136110576,12.04666453061424
XGBoost,seq6,3,11,221,22.082181400218044,13.765476189421227,32.46023917248017,13.765476189421227
XGBoost,seq6,3,12,221,21.14110043311014,12.102006750328236,32.270450063115234,12.102006750328236
XGBoost,seq6,3,13,221,19.350851165676072,11.751962859826275,25.873575824690626,11.751962859826275
XGBoost,seq6,3,14,221,15.486400598565346,9.958302549348305,21.299398672900853,9.958302549348305
XGBoost,seq6,3,15,221,22.066184707748555,11.475492273355474,24.11198281671024,11.475492273355474
XGBoost,seq6,3,16,221,18.697474609613877,10.758537012593957,32.916416149728924,10.758537012593957
XGBoost,seq6,3,17,221,18.900305659064536,11.590121860113221,31.36111962302815,11.590121860113221
XGBoost,seq6,3,18,221,22.924430080303296,12.26824381708896,25.524232458934108,12.26824381708896
XGBoost,seq6,3,19,221,18.699931031484546,11.726874041046973,26.216461913167162,11.726874041046973
XGBoost,seq6,3,20,221,18.718654078032472,11.793165464208544,25.518183759856495,11.793165464208544
XGBoost,seq6,3,21,221,19.266583529191653,12.351417893147602,29.8891556498099,12.351417893147602
XGBoost,seq6,3,22,221,21.475106301320398,13.145020577574027,35.54848862047144,13.145020577574027
XGBoost,seq6,3,23,221,20.241402532043352,13.14443682248063,34.27003460632728,13.14443682248063
XGBoost,seq6,4,0,220,41.57443241722709,24.673320214871357,63.35926738345995,24.673320214871357
XGBoost,seq6,4,1,220,40.07865720904173,22.75113829332109,55.121026409939056,22.75113829332109
XGBoost,seq6,4,2,220,38.344391415453806,21.733113105954256,54.79290107178871,21.733113105954256
XGBoost,seq6,4,3,220,37.77170163499626,21.116506995525363,55.5864197244302,21.116506995525363
XGBoost,seq6,4,4,220,26.82634170275013,16.083585491880797,39.36181628275838,16.083585491880797
XGBoost,seq6,4,5,221,26.439207950167443,15.610564388188152,42.54140971606573,15.610564388188152
XGBoost,seq6,4,6,221,24.63328734932954,15.090763299826575,37.53024366564306,15.090763299826575
XGBoost,seq6,4,7,221,23.68128660461917,14.792059301550644,37.897542315507316,14.792059301550644
XGBoost,seq6,4,8,221,23.263881571370305,14.336094130287412,40.06680963024048,14.336094130287412
XGBoost,seq6,4,9,221,20.520559965441837,13.60950851239946,38.65494168328639,13.60950851239946
XGBoost,seq6,4,10,221,23.31144941207383,15.015248889492812,39.81780344347648,15.015248889492812
XGBoost,seq6,4,11,221,26.6063400553882,16.8184224298347,42.859007846658365,16.8184224298347
XGBoost,seq6,4,12,221,27.033453504029577,17.08048553146376,46.808619321795106,17.08048553146376
XGBoost,seq6,4,13,221,24.79056259521294,14.575390035153488,42.74077405837718,14.575390035153488
XGBoost,seq6,4,14,221,24.29625624074596,14.617684161532715,32.891351808109306,14.617684161532715
XGBoost,seq6,4,15,221,20.51538235679916,12.52878441085843,28.60916670713809,12.52878441085843
XGBoost,seq6,4,16,221,24.96694699190512,13.376203275008397,36.87798873107532,13.376203275008397
XGBoost,seq6,4,17,221,23.916385533451116,14.142806032905407,41.48548150164032,14.142806032905407
XGBoost,seq6,4,18,221,24.185456804430025,14.762017678010828,36.28886495478655,14.762017678010828
XGBoost,seq6,4,19,221,27.518227929998954,15.703499480974983,36.23166480442804,15.703499480974983
XGBoost,seq6,4,20,221,23.52449234545706,14.717257253846183,33.535393854422374,14.717257253846183
XGBoost,seq6,4,21,221,20.688625393556332,14.023585809822599,34.93277887077292,14.023585809822599
XGBoost,seq6,4,22,221,24.353210223940987,15.248185514005359,41.03468509382292,15.248185514005359
XGBoost,seq6,4,23,221,25.262875825752317,16.16950479335125,46.47619883548509,16.16950479335125
XGBoost,seq6,5,0,220,42.9439219658993,26.459267894528615,75.9413694450156,26.459267894528615
XGBoost,seq6,5,1,220,41.7225110733054,25.875728222034798,71.03480425609497,25.875728222034798
XGBoost,seq6,5,2,220,39.33611795797713,24.41000581464192,65.36623708502393,24.41000581464192
XGBoost,seq6,5,3,220,37.60566192230864,22.717037751887514,66.00012097927453,22.717037751887514
XGBoost,seq6,5,4,220,38.57227276790568,22.168569498865857,61.0856704223851,22.168569498865857
XGBoost,seq6,5,5,221,30.683018225347567,19.341779939577126,53.40459677780064,19.341779939577126
XGBoost,seq6,5,6,221,28.870522043572855,18.437966875074707,50.97212859704076,18.437966875074707
XGBoost,seq6,5,7,221,27.465823771993794,17.422010812902805,48.74163458860535,17.422010812902805
XGBoost,seq6,5,8,221,26.754912805208818,17.59070068620637,48.59959951795371,17.59070068620637
XGBoost,seq6,5,9,221,26.193065722781455,16.91457441337206,52.10467062434015,16.91457441337206
XGBoost,seq6,5,10,221,26.500217132783817,17.33295849945248,49.864474682731256,17.33295849945248
XGBoost,seq6,5,11,221,29.108548955319254,18.830524353685334,53.49079980089687,18.830524353685334
XGBoost,seq6,5,12,221,29.36803627722207,19.063755532311212,60.60929437833653,19.063755532311212
XGBoost,seq6,5,13,221,30.51753716017226,19.249137479079028,60.51756045489455,19.249137479079028
XGBoost,seq6,5,14,221,27.970782132841403,17.06824475760675,55.16883900441189,17.06824475760675
XGBoost,seq6,5,15,221,27.097435511223804,16.723697020292256,41.086598559183564,16.723697020292256
XGBoost,seq6,5,16,221,24.593676996876603,15.22331085994047,45.51565713398541,15.22331085994047
XGBoost,seq6,5,17,221,28.912788969277777,16.651566268434273,46.538372095204224,16.651566268434273
XGBoost,seq6,5,18,221,29.20714779950155,17.46828065001171,47.030009536731846,17.46828065001171
XGBoost,seq6,5,19,221,28.23587358792993,17.630194514810555,44.369408716870986,17.630194514810555
XGBoost,seq6,5,20,221,30.584278028711697,17.80406445993166,43.251324980062364,17.80406445993166
XGBoost,seq6,5,21,221,26.43322335879765,17.081341775402226,41.79848438685817,17.081341775402226
XGBoost,seq6,5,22,221,24.385725376584247,16.36478524291578,44.01192242382534,16.36478524291578
XGBoost,seq6,5,23,221,27.355800363982517,17.981950029573053,52.552518942622264,17.981950029573053
XGBoost,seq6,6,0,220,42.36340848366754,26.020889488115344,76.11907283317824,26.020889488115344
XGBoost,seq6,6,1,220,42.653368570900014,27.154871493149358,79.54113118375014,27.154871493149358
XGBoost,seq6,6,2,220,40.76503270612161,26.685296808010307,76.68211068554253,26.685296808010307
XGBoost,seq6,6,3,220,39.279409337908305,25.01309542859497,73.15463088872599,25.01309542859497
XGBoost,seq6,6,4,220,39.42167672488243,24.297910832288153,72.5689375323433,24.297910832288153
XGBoost,seq6,6,5,220,39.85809900968126,23.689902112828758,72.07771939748302,23.689902112828758
XGBoost,seq6,6,6,221,33.15494009805583,21.66347335848157,63.223198113551945,21.66347335848157
XGBoost,seq6,6,7,221,31.144375934100587,20.699356643622348,59.71103022134942,20.699356643622348
XGBoost,seq6,6,8,221,28.26055465888761,19.32096655601039,55.89193669421357,19.32096655601039
XGBoost,seq6,6,9,221,29.724217446951727,19.92244758511974,59.543710413660634,19.92244758511974
XGBoost,seq6,6,10,221,31.751158742116598,20.98285501399818,65.11786408651703,20.98285501399818
XGBoost,seq6,6,11,221,31.564294000489948,21.012870492375573,66.11080276261313,21.012870492375573
XGBoost,seq6,6,12,221,31.42051857251312,21.209459803776667,72.40729992434912,21.209459803776667
XGBoost,seq6,6,13,221,31.55136587780849,20.99652515404528,74.61461383169356,20.99652515404528
XGBoost,seq6,6,14,221,32.820747594434536,21.323981303428965,74.17723710190069,21.323981303428965
XGBoost,seq6,6,15,221,30.505462020357843,19.436150030726505,63.280926121373696,19.436150030726505
XGBoost,seq6,6,16,221,30.309714426380353,18.926382903900905,57.362387972422994,18.926382903900905
XGBoost,seq6,6,17,221,28.725433737025465,18.561908325261044,55.85367122637649,18.561908325261044
XGBoost,seq6,6,18,221,33.3135099367183,19.198264286168715,49.55450077226934,19.198264286168715
XGBoost,seq6,6,19,221,33.437698486521064,20.288425550687077,56.409265571519974,20.288425550687077
XGBoost,seq6,6,20,221,30.543104022448002,20.111301460318032,53.9387794553123,20.111301460318032
XGBoost,seq6,6,21,221,31.23173401639804,19.65427862745604,53.598517817187464,19.65427862745604
XGBoost,seq6,6,22,221,30.01122528909821,19.77557495747507,53.12002699948118,19.77557495747507
XGBoost,seq6,6,23,221,26.587746569974215,18.45702691226072,54.37212893922673,18.45702691226072
