date,city,model,y_true,y_pred
2016-05-13,Beijing,ARIMA,32.1215,30.8665
2016-05-14,Beijing,ARIMA,39.2726,43.9121
2016-05-15,Beijing,ARIMA,33.0677,54.6584
2016-05-16,Beijing,ARIMA,22.8403,36.8397
2016-05-17,Beijing,ARIMA,56.2708,50.56
2016-05-18,Beijing,ARIMA,58.9688,49.1621
2016-05-19,Beijing,ARIMA,84.7014,47.5224
2016-05-20,Beijing,ARIMA,87.8212,64.3487
2016-05-21,Beijing,ARIMA,68.5347,69.2334
2016-05-22,Beijing,ARIMA,47.0191,57.2973
2016-05-23,Beijing,ARIMA,62.3003,55.8639
2016-05-24,Beijing,ARIMA,18.3455,66.4398
2016-05-25,Beijing,ARIMA,11.7969,40.8552
2016-05-26,Beijing,ARIMA,21.7899,35.8238
2016-05-27,Beijing,ARIMA,46.9062,38.1487
2016-05-28,Beijing,ARIMA,48.3247,42.0095
2016-05-29,Beijing,ARIMA,31.8003,44.0877
2016-05-30,Beijing,ARIMA,79.6493,27.199
2016-05-31,Beijing,ARIMA,50.4992,59.4644
2016-06-01,Beijing,ARIMA,35.6796,42.4252
2016-06-02,Beijing,ARIMA,51.9306,39.0143
2016-06-03,Beijing,ARIMA,79.6701,55.3033
2016-06-07,Beijing,ARIMA,57.9097,64.0037
2016-06-08,Beijing,ARIMA,122.5729,58.0824
2016-06-09,Beijing,ARIMA,111.7118,95.2353
2016-06-10,Beijing,ARIMA,51.6771,87.2132
2016-06-11,Beijing,ARIMA,10.1354,54.3153
2016-06-12,Beijing,ARIMA,68.2847,45.4991
2016-06-13,Beijing,ARIMA,45.1545,74.3293
2016-06-14,Beijing,ARIMA,35.2326,61.2507
2016-06-15,Beijing,ARIMA,18.3056,49.0597
2016-06-16,Beijing,ARIMA,24.6979,33.4558
2016-06-17,Beijing,ARIMA,23.1424,25.8445
2016-06-18,Beijing,ARIMA,39.2934,34.4711
2016-06-19,Beijing,ARIMA,58.6389,37.0855
2016-06-22,Beijing,ARIMA,54.4931,46.9757
2016-06-23,Beijing,ARIMA,76.6927,40.8331
2016-06-24,Beijing,ARIMA,14.1719,59.1036
2016-06-28,Beijing,ARIMA,67.6111,22.9825
2016-06-29,Beijing,ARIMA,110.8299,61.26
2016-06-30,Beijing,ARIMA,60.9931,90.7843
2016-07-01,Beijing,ARIMA,13.184,51.5211
2016-07-02,Beijing,ARIMA,44.533,37.7026
2016-07-03,Beijing,ARIMA,77.875,50.1077
2016-07-04,Beijing,ARIMA,130.6765,71.6389
2016-07-05,Beijing,ARIMA,93.2106,105.2688
2016-07-06,Beijing,ARIMA,75.066,75.9234
2016-07-07,Beijing,ARIMA,109.7812,63.838
2016-07-08,Beijing,ARIMA,92.0868,99.1326
2016-07-09,Beijing,ARIMA,81.1354,88.4895
2016-07-10,Beijing,ARIMA,93.0729,91.6337
2016-07-13,Beijing,ARIMA,18.651,95.6437
2016-07-14,Beijing,ARIMA,34.5503,43.4841
2016-07-15,Beijing,ARIMA,35.0486,61.4459
2016-07-16,Beijing,ARIMA,35.7049,55.7124
2016-07-17,Beijing,ARIMA,75.8993,43.3691
2016-07-19,Beijing,ARIMA,96.8924,71.6434
2016-07-20,Beijing,ARIMA,36.1076,68.0898
2016-07-21,Beijing,ARIMA,24.4201,35.5237
2016-07-30,Beijing,ARIMA,133.9184,37.4892
2016-07-31,Beijing,ARIMA,53.5312,105.664
2016-08-01,Beijing,ARIMA,66.5451,52.2712
2016-08-02,Beijing,ARIMA,50.2274,69.6713
2016-08-03,Beijing,ARIMA,53.2483,59.1954
2016-08-04,Beijing,ARIMA,97.9878,49.1961
2016-08-05,Beijing,ARIMA,64.4653,98.891
2016-08-06,Beijing,ARIMA,100.3438,58.5699
2016-08-07,Beijing,ARIMA,19.2361,86.1499
2016-08-08,Beijing,ARIMA,30.5938,38.035
2016-08-09,Beijing,ARIMA,44.783,45.2255
2016-08-10,Beijing,ARIMA,82.1337,63.6713
2016-08-11,Beijing,ARIMA,86.276,67.9453
2016-08-12,Beijing,ARIMA,60.6198,77.6204
2016-08-13,Beijing,ARIMA,22.3681,49.3367
2016-08-14,Beijing,ARIMA,19.4236,35.2772
2016-08-15,Beijing,ARIMA,20.8993,37.7862
2016-08-16,Beijing,ARIMA,23.2778,40.9497
2016-08-17,Beijing,ARIMA,59.7708,36.7612
2016-08-18,Beijing,ARIMA,74.5729,52.3371
2016-08-19,Beijing,ARIMA,17.9549,52.6337
2016-08-20,Beijing,ARIMA,52.4913,19.392
2016-08-21,Beijing,ARIMA,52.1632,48.2933
2016-08-22,Beijing,ARIMA,52.934,47.9684
2016-08-23,Beijing,ARIMA,69.5521,49.5669
2016-08-24,Beijing,ARIMA,79.6615,66.52
2016-08-25,Beijing,ARIMA,19.2292,61.2038
2016-08-26,Beijing,ARIMA,10.0347,32.4385
2016-08-27,Beijing,ARIMA,14.4948,31.3561
2016-08-28,Beijing,ARIMA,11.0226,33.5558
2016-08-29,Beijing,ARIMA,17.9149,25.6004
2016-08-30,Beijing,ARIMA,29.1667,29.606
2016-08-31,Beijing,ARIMA,16.7865,23.9441
2016-09-01,Beijing,ARIMA,7.4549,14.1309
2016-09-02,Beijing,ARIMA,11.7396,11.2298
2016-09-03,Beijing,ARIMA,18.8229,14.5654
2016-09-05,Beijing,ARIMA,27.5469,18.1582
2016-09-08,Beijing,ARIMA,20.7083,24.1279
2016-09-09,Beijing,ARIMA,18.026,17.9422
2016-09-10,Beijing,ARIMA,15.7639,16.1026
2016-09-11,Beijing,ARIMA,32.3194,16.8373
2016-09-13,Beijing,ARIMA,86.7431,27.4195
2016-09-17,Beijing,ARIMA,41.5069,60.9937
2016-09-22,Beijing,ARIMA,100.1528,31.1173
2016-09-24,Beijing,ARIMA,112.4045,72.1235
2016-09-26,Beijing,ARIMA,58.6962,83.6677
2016-09-27,Beijing,ARIMA,25.2378,51.7599
2016-09-28,Beijing,ARIMA,14.2517,52.4351
2016-10-01,Beijing,ARIMA,165.8507,37.7694
2016-10-02,Beijing,ARIMA,183.7743,132.8847
2016-10-03,Beijing,ARIMA,121.1736,135.1153
2016-10-06,Beijing,ARIMA,72.4722,90.2235
2016-10-07,Beijing,ARIMA,39.7083,78.604
2016-10-15,Beijing,ARIMA,191.1719,61.7891
2016-10-16,Beijing,ARIMA,120.3368,174.7751
2016-10-17,Beijing,ARIMA,60.2135,120.0011
2016-10-18,Beijing,ARIMA,117.6215,73.7884
2016-10-19,Beijing,ARIMA,221.0851,119.1843
2016-10-20,Beijing,ARIMA,95.2708,164.0478
2016-10-21,Beijing,ARIMA,43.1319,106.3539
2016-10-22,Beijing,ARIMA,14.4826,78.4092
2016-10-23,Beijing,ARIMA,26.566,62.0705
2016-10-24,Beijing,ARIMA,61.2604,61.5391
2016-10-25,Beijing,ARIMA,96.8559,90.0933
2016-10-29,Beijing,ARIMA,24.1632,80.0333
2016-10-30,Beijing,ARIMA,44.0799,27.1373
2016-10-31,Beijing,ARIMA,8.625,43.8539
2016-11-01,Beijing,ARIMA,41.1701,26.9029
2016-11-02,Beijing,ARIMA,100.066,45.1203
2016-11-03,Beijing,ARIMA,182.224,86.1862
2016-11-05,Beijing,ARIMA,180.0312,115.8661
2016-11-06,Beijing,ARIMA,71.8194,122.9101
2016-11-07,Beijing,ARIMA,39.6424,63.6256
2016-11-08,Beijing,ARIMA,35.0747,69.235
2016-11-09,Beijing,ARIMA,148.1944,76.1998
2016-11-10,Beijing,ARIMA,155.9149,143.5912
2016-11-11,Beijing,ARIMA,78.2153,134.8476
2016-11-12,Beijing,ARIMA,74.7396,68.7214
2016-11-13,Beijing,ARIMA,94.0069,81.8592
2016-11-14,Beijing,ARIMA,43.1944,93.7772
2016-11-15,Beijing,ARIMA,39.2569,72.2633
2016-11-16,Beijing,ARIMA,97.4028,71.827
2016-11-17,Beijing,ARIMA,114.5104,92.3012
2016-11-18,Beijing,ARIMA,189.0312,91.6358
2016-11-19,Beijing,ARIMA,124.184,141.1302
2016-11-20,Beijing,ARIMA,54.9792,97.9354
2016-11-21,Beijing,ARIMA,9.6458,65.5356
2016-11-22,Beijing,ARIMA,8.1736,61.9057
2016-11-23,Beijing,ARIMA,18.934,55.0703
2016-11-24,Beijing,ARIMA,67.4427,62.0287
2016-11-25,Beijing,ARIMA,150.113,69.1264
2016-11-26,Beijing,ARIMA,246.3391,102.7619
2016-11-27,Beijing,ARIMA,54.4039,153.5896
2016-11-28,Beijing,ARIMA,59.1753,40.6849
2016-11-29,Beijing,ARIMA,96.7222,73.407
2016-11-30,Beijing,ARIMA,90.0451,114.9394
2016-12-01,Beijing,ARIMA,27.8438,99.1618
2016-12-02,Beijing,ARIMA,92.717,79.6067
2016-12-05,Beijing,ARIMA,49.7795,87.5923
2016-12-06,Beijing,ARIMA,76.3611,55.8789
2016-12-07,Beijing,ARIMA,121.1146,75.2488
2016-12-08,Beijing,ARIMA,92.1806,107.0058
2016-12-09,Beijing,ARIMA,21.9688,69.7583
2016-12-10,Beijing,ARIMA,47.4792,47.4018
2016-12-11,Beijing,ARIMA,160.4028,63.3797
2016-12-12,Beijing,ARIMA,221.566,129.9707
2016-12-13,Beijing,ARIMA,53.441,161.1046
2016-12-14,Beijing,ARIMA,24.6632,56.1672
2016-12-15,Beijing,ARIMA,25.9757,54.5922
2016-12-16,Beijing,ARIMA,105.9479,66.4311
2016-12-23,Beijing,ARIMA,30.8507,111.882
2016-12-24,Beijing,ARIMA,117.5312,66.0029
2016-12-26,Beijing,ARIMA,45.9236,91.0429
2016-12-27,Beijing,ARIMA,35.8733,47.1081
2016-12-28,Beijing,ARIMA,63.9583,36.9102
2017-01-06,Beijing,ARIMA,193.9861,81.9029
2017-01-07,Beijing,ARIMA,165.9861,132.2509
2017-01-08,Beijing,ARIMA,37.3507,125.8037
2017-01-09,Beijing,ARIMA,32.6389,43.2933
2017-01-10,Beijing,ARIMA,23.9826,67.708
2017-01-11,Beijing,ARIMA,57.8472,59.4493
2017-01-12,Beijing,ARIMA,44.0972,85.8598
2017-01-13,Beijing,ARIMA,13.2396,66.3771
2017-01-14,Beijing,ARIMA,23.7986,20.6642
2017-01-15,Beijing,ARIMA,56.8194,33.0012
2017-01-16,Beijing,ARIMA,98.4514,47.6005
2017-01-17,Beijing,ARIMA,137.8976,73.3449
2017-01-18,Beijing,ARIMA,40.3368,95.2159
2017-01-19,Beijing,ARIMA,46.0833,34.1753
2017-01-20,Beijing,ARIMA,21.6875,54.9527
2017-01-21,Beijing,ARIMA,26.3611,49.936
2017-01-22,Beijing,ARIMA,23.8403,46.9035
2017-01-23,Beijing,ARIMA,32.9444,51.7741
2017-01-24,Beijing,ARIMA,85.8576,32.9523
2017-01-25,Beijing,ARIMA,171.4939,66.4606
2017-01-26,Beijing,ARIMA,157.6814,111.2442
2017-01-29,Beijing,ARIMA,38.7917,102.867
2017-01-30,Beijing,ARIMA,24.7708,42.1846
2017-01-31,Beijing,ARIMA,75.7188,57.3295
2017-02-01,Beijing,ARIMA,30.9184,94.9574
2017-02-03,Beijing,ARIMA,154.4453,60.7516
2017-02-05,Beijing,ARIMA,12.5417,135.0105
2017-02-06,Beijing,ARIMA,12.9549,22.7906
2017-02-07,Beijing,ARIMA,75.8611,25.8664
2017-02-08,Beijing,ARIMA,32.8403,88.654
2017-02-09,Beijing,ARIMA,6.908,28.9952
2017-02-10,Beijing,ARIMA,7.0972,40.6937
2017-02-11,Beijing,ARIMA,41.8108,20.9234
2017-02-12,Beijing,ARIMA,104.6476,35.4183
2017-02-13,Beijing,ARIMA,80.3333,79.5558
2017-02-14,Beijing,ARIMA,177.0868,53.4776
2017-02-15,Beijing,ARIMA,231.1019,117.1048
2017-02-16,Beijing,ARIMA,107.9416,156.2219
2017-02-17,Beijing,ARIMA,21.2153,86.3356
2017-02-18,Beijing,ARIMA,83.9375,70.2325
2017-02-19,Beijing,ARIMA,97.6111,114.1793
2017-02-20,Beijing,ARIMA,11.533,116.0969
2017-02-21,Beijing,ARIMA,61.3125,59.1024
2017-02-23,Beijing,ARIMA,17.3368,78.9903
2017-02-24,Beijing,ARIMA,25.4253,29.8284
2017-02-25,Beijing,ARIMA,11.3576,39.4146
2017-02-26,Beijing,ARIMA,27.7049,36.8606
2016-05-18,Beijing,Informer,58.9687,65.902
2016-05-19,Beijing,Informer,84.7014,75.6949
2016-05-20,Beijing,Informer,87.8212,102.0097
2016-05-21,Beijing,Informer,68.5347,104.4204
2016-05-22,Beijing,Informer,47.0191,93.2401
2016-05-23,Beijing,Informer,62.3003,89.1608
2016-05-24,Beijing,Informer,18.3455,66.2442
2016-05-25,Beijing,Informer,11.7969,20.8511
2016-05-26,Beijing,Informer,21.7899,31.7689
2016-05-27,Beijing,Informer,46.9063,35.2545
2016-05-28,Beijing,Informer,48.3247,46.2241
2016-05-29,Beijing,Informer,31.8003,46.5606
2016-05-30,Beijing,Informer,79.6493,26.2251
2016-05-31,Beijing,Informer,50.4992,62.2848
2016-06-01,Beijing,Informer,35.6796,40.2683
2016-06-02,Beijing,Informer,51.9306,52.0156
2016-06-03,Beijing,Informer,79.6701,63.1651
2016-06-07,Beijing,Informer,57.9097,81.1783
2016-06-08,Beijing,Informer,122.5729,45.976
2016-06-09,Beijing,Informer,111.7118,79.0207
2016-06-10,Beijing,Informer,51.6771,52.3352
2016-06-11,Beijing,Informer,10.1354,27.6844
2016-06-12,Beijing,Informer,68.2847,20.9031
2016-06-13,Beijing,Informer,45.1545,64.2255
2016-06-14,Beijing,Informer,35.2326,34.8015
2016-06-15,Beijing,Informer,18.3056,21.4597
2016-06-16,Beijing,Informer,24.6979,34.4571
2016-06-17,Beijing,Informer,23.1424,30.5378
2016-06-18,Beijing,Informer,39.2934,17.412
2016-06-19,Beijing,Informer,58.6389,28.0549
2016-06-22,Beijing,Informer,54.4931,61.1266
2016-06-23,Beijing,Informer,76.6927,55.4711
2016-06-24,Beijing,Informer,14.1719,63.8153
2016-06-28,Beijing,Informer,67.6111,16.7131
2016-06-29,Beijing,Informer,110.8299,29.3016
2016-06-30,Beijing,Informer,60.9931,96.1192
2016-07-01,Beijing,Informer,13.184,60.0083
2016-07-02,Beijing,Informer,44.533,22.9778
2016-07-03,Beijing,Informer,77.875,44.8737
2016-07-04,Beijing,Informer,130.6765,87.7151
2016-07-05,Beijing,Informer,93.2106,75.3905
2016-07-06,Beijing,Informer,75.066,62.881
2016-07-07,Beijing,Informer,109.7813,67.2333
2016-07-08,Beijing,Informer,92.0868,68.279
2016-07-09,Beijing,Informer,81.1354,51.2678
2016-07-10,Beijing,Informer,93.0729,47.186
2016-07-13,Beijing,Informer,18.651,53.0013
2016-07-14,Beijing,Informer,34.5503,24.8626
2016-07-15,Beijing,Informer,35.0486,36.7593
2016-07-16,Beijing,Informer,35.7049,29.5699
2016-07-17,Beijing,Informer,75.8993,33.1246
2016-07-19,Beijing,Informer,96.8924,80.3449
2016-07-20,Beijing,Informer,36.1076,34.4943
2016-07-21,Beijing,Informer,24.4201,12.4009
2016-07-30,Beijing,Informer,133.9184,15.9083
2016-07-31,Beijing,Informer,53.5312,21.5402
2016-08-01,Beijing,Informer,66.5451,19.4524
2016-08-02,Beijing,Informer,50.2274,22.0748
2016-08-03,Beijing,Informer,53.2483,16.5821
2016-08-04,Beijing,Informer,97.9878,20.5471
2016-08-05,Beijing,Informer,64.4653,25.198
2016-08-06,Beijing,Informer,100.3437,21.1706
2016-08-07,Beijing,Informer,19.2361,25.1335
2016-08-08,Beijing,Informer,30.5938,21.8915
2016-08-09,Beijing,Informer,44.783,22.0331
2016-08-10,Beijing,Informer,82.1337,21.8806
2016-08-11,Beijing,Informer,86.276,19.5285
2016-08-12,Beijing,Informer,60.6198,17.8345
2016-08-13,Beijing,Informer,22.3681,20.4365
2016-08-14,Beijing,Informer,19.4236,17.8887
2016-08-15,Beijing,Informer,20.8993,22.2566
2016-08-16,Beijing,Informer,23.2778,19.5758
2016-08-17,Beijing,Informer,59.7708,22.7035
2016-08-18,Beijing,Informer,74.5729,29.556
2016-08-19,Beijing,Informer,17.9549,18.8718
2016-08-20,Beijing,Informer,52.4913,16.8132
2016-08-21,Beijing,Informer,52.1632,24.9478
2016-08-22,Beijing,Informer,52.934,28.6422
2016-08-23,Beijing,Informer,69.5521,42.2676
2016-08-24,Beijing,Informer,79.6615,34.2315
2016-08-25,Beijing,Informer,19.2292,44.4854
2016-08-26,Beijing,Informer,10.0347,17.0715
2016-08-27,Beijing,Informer,14.4948,36.4075
2016-08-28,Beijing,Informer,11.0226,27.9914
2016-08-29,Beijing,Informer,17.9149,21.6263
2016-08-30,Beijing,Informer,29.1667,40.3764
2016-08-31,Beijing,Informer,16.7865,62.9645
2016-09-01,Beijing,Informer,7.4549,6.1108
2016-09-02,Beijing,Informer,11.7396,7.4473
2016-09-03,Beijing,Informer,18.8229,15.372
2016-09-05,Beijing,Informer,27.5469,26.4696
2016-09-08,Beijing,Informer,20.7083,38.4163
2016-09-09,Beijing,Informer,18.026,28.26
2016-09-10,Beijing,Informer,15.7639,19.2286
2016-09-11,Beijing,Informer,32.3194,26.932
2016-09-13,Beijing,Informer,86.7431,32.7829
2016-09-17,Beijing,Informer,41.5069,107.6073
2016-09-22,Beijing,Informer,100.1528,73.3923
2016-09-24,Beijing,Informer,112.4045,97.8976
2016-09-26,Beijing,Informer,58.6962,98.611
2016-09-27,Beijing,Informer,25.2378,29.6701
2016-09-28,Beijing,Informer,14.2517,12.3324
2016-10-01,Beijing,Informer,165.8507,25.176
2016-10-02,Beijing,Informer,183.7743,96.3699
2016-10-03,Beijing,Informer,121.1736,99.3807
2016-10-06,Beijing,Informer,72.4722,75.6857
2016-10-07,Beijing,Informer,39.7083,23.217
2016-10-15,Beijing,Informer,191.1719,19.6861
2016-10-16,Beijing,Informer,120.3368,90.9188
2016-10-17,Beijing,Informer,60.2135,91.8716
2016-10-18,Beijing,Informer,117.6215,59.8237
2016-10-19,Beijing,Informer,221.0851,93.5935
2016-10-20,Beijing,Informer,95.2708,96.5366
2016-10-21,Beijing,Informer,43.1319,47.5488
2016-10-22,Beijing,Informer,14.4826,30.0564
2016-10-23,Beijing,Informer,26.566,15.8553
2016-10-24,Beijing,Informer,61.2604,55.3123
2016-10-25,Beijing,Informer,96.8559,89.8062
2016-10-29,Beijing,Informer,24.1632,105.2238
2016-10-30,Beijing,Informer,44.0799,34.2487
2016-10-31,Beijing,Informer,8.625,30.1277
2016-11-01,Beijing,Informer,41.1701,24.1472
2016-11-02,Beijing,Informer,100.066,73.484
2016-11-03,Beijing,Informer,182.224,95.6094
2016-11-05,Beijing,Informer,180.0313,95.9891
2016-11-06,Beijing,Informer,71.8194,70.3253
2016-11-07,Beijing,Informer,39.6424,43.6042
2016-11-08,Beijing,Informer,35.0747,19.8849
2016-11-09,Beijing,Informer,148.1944,84.5126
2016-11-10,Beijing,Informer,155.9149,105.5495
2016-11-11,Beijing,Informer,78.2153,94.2941
2016-11-12,Beijing,Informer,74.7396,57.7585
2016-11-13,Beijing,Informer,94.0069,47.8583
2016-11-14,Beijing,Informer,43.1944,58.5784
2016-11-15,Beijing,Informer,39.2569,16.798
2016-11-16,Beijing,Informer,97.4028,63.5666
2016-11-17,Beijing,Informer,114.5104,73.6174
2016-11-18,Beijing,Informer,189.0312,62.2754
2016-11-19,Beijing,Informer,124.184,47.5915
2016-11-20,Beijing,Informer,54.9792,30.4959
2016-11-21,Beijing,Informer,9.6458,13.5136
2016-11-22,Beijing,Informer,8.1736,12.9426
2016-11-23,Beijing,Informer,18.934,22.573
2016-11-24,Beijing,Informer,67.4427,43.6555
2016-11-25,Beijing,Informer,150.113,89.1215
2016-11-26,Beijing,Informer,246.3391,90.1172
2016-11-27,Beijing,Informer,54.4039,95.7966
2016-11-28,Beijing,Informer,59.1753,39.2976
2016-11-29,Beijing,Informer,96.7222,99.5165
2016-11-30,Beijing,Informer,90.0451,93.5013
2016-12-01,Beijing,Informer,27.8437,71.7966
2016-12-02,Beijing,Informer,92.717,53.5111
2016-12-05,Beijing,Informer,49.7795,84.5804
2016-12-06,Beijing,Informer,76.3611,31.3055
2016-12-07,Beijing,Informer,121.1146,81.7604
2016-12-08,Beijing,Informer,92.1806,85.9615
2016-12-09,Beijing,Informer,21.9688,28.9368
2016-12-10,Beijing,Informer,47.4792,28.7092
2016-12-11,Beijing,Informer,160.4028,78.6379
2016-12-12,Beijing,Informer,221.566,87.439
2016-12-13,Beijing,Informer,53.441,64.2047
2016-12-14,Beijing,Informer,24.6632,37.7886
2016-12-15,Beijing,Informer,25.9757,32.9171
2016-12-16,Beijing,Informer,105.9479,28.6997
2016-12-23,Beijing,Informer,30.8507,75.3016
2016-12-24,Beijing,Informer,117.5312,42.7366
2016-12-26,Beijing,Informer,45.9236,92.9701
2016-12-27,Beijing,Informer,35.8733,41.7053
2016-12-28,Beijing,Informer,63.9583,39.156
2017-01-06,Beijing,Informer,193.9861,38.1242
2017-01-07,Beijing,Informer,165.9861,98.2742
2017-01-08,Beijing,Informer,37.3507,94.0802
2017-01-09,Beijing,Informer,32.6389,19.833
2017-01-10,Beijing,Informer,23.9826,20.1199
2017-01-11,Beijing,Informer,57.8472,27.7792
2017-01-12,Beijing,Informer,44.0972,70.1558
2017-01-13,Beijing,Informer,13.2396,38.9007
2017-01-14,Beijing,Informer,23.7986,23.9283
2017-01-15,Beijing,Informer,56.8194,64.9212
2017-01-16,Beijing,Informer,98.4514,89.6167
2017-01-17,Beijing,Informer,137.8976,95.681
2017-01-18,Beijing,Informer,40.3368,96.7829
2017-01-19,Beijing,Informer,46.0833,62.2774
2017-01-20,Beijing,Informer,21.6875,27.0997
2017-01-21,Beijing,Informer,26.3611,39.7852
2017-01-22,Beijing,Informer,23.8403,32.9189
2017-01-23,Beijing,Informer,32.9444,76.1343
2017-01-24,Beijing,Informer,85.8576,93.1227
2017-01-25,Beijing,Informer,171.4939,102.3997
2017-01-26,Beijing,Informer,157.6814,107.6328
2017-01-29,Beijing,Informer,38.7917,64.7705
2017-01-30,Beijing,Informer,24.7708,26.8329
2017-01-31,Beijing,Informer,75.7188,43.1304
2017-02-01,Beijing,Informer,30.9184,85.4935
2017-02-03,Beijing,Informer,154.4453,85.1325
2017-02-05,Beijing,Informer,12.5417,106.4629
2017-02-06,Beijing,Informer,12.9549,33.114
2017-02-07,Beijing,Informer,75.8611,46.0905
2017-02-08,Beijing,Informer,32.8403,99.5738
2017-02-09,Beijing,Informer,6.908,30.3918
2017-02-10,Beijing,Informer,7.0972,28.2395
2017-02-11,Beijing,Informer,41.8108,43.6191
2017-02-12,Beijing,Informer,104.6476,89.3442
2017-02-13,Beijing,Informer,80.3333,115.6446
2017-02-14,Beijing,Informer,177.0868,124.6149
2017-02-15,Beijing,Informer,231.1019,109.9291
2017-02-16,Beijing,Informer,107.9416,93.3301
2017-02-17,Beijing,Informer,21.2153,52.0797
2017-02-18,Beijing,Informer,83.9375,31.1564
2017-02-19,Beijing,Informer,97.6111,87.165
2017-02-20,Beijing,Informer,11.533,50.9301
2017-02-21,Beijing,Informer,61.3125,30.8071
2017-02-23,Beijing,Informer,17.3368,83.3042
2017-02-24,Beijing,Informer,25.4253,41.6267
2017-02-25,Beijing,Informer,11.3576,49.972
2016-05-19,Beijing,LSTM,84.7014,66.3657
2016-05-20,Beijing,LSTM,87.8212,84.8122
2016-05-21,Beijing,LSTM,68.5347,87.0236
2016-05-22,Beijing,LSTM,47.0191,78.0111
2016-05-23,Beijing,LSTM,62.3003,70.8284
2016-05-24,Beijing,LSTM,18.3455,61.4201
2016-05-25,Beijing,LSTM,11.7969,29.9327
2016-05-26,Beijing,LSTM,21.7899,35.0613
2016-05-27,Beijing,LSTM,46.9062,40.926
2016-05-28,Beijing,LSTM,48.3247,62.247
2016-05-29,Beijing,LSTM,31.8003,62.165
2016-05-30,Beijing,LSTM,79.6493,47.8881
2016-05-31,Beijing,LSTM,50.4992,84.617
2016-06-01,Beijing,LSTM,35.6796,60.1226
2016-06-02,Beijing,LSTM,51.9306,60.491
2016-06-03,Beijing,LSTM,79.6701,68.1491
2016-06-07,Beijing,LSTM,57.9097,88.3741
2016-06-08,Beijing,LSTM,122.5729,52.1716
2016-06-09,Beijing,LSTM,111.7118,72.5199
2016-06-10,Beijing,LSTM,51.6771,59.2621
2016-06-11,Beijing,LSTM,10.1354,43.9093
2016-06-12,Beijing,LSTM,68.2847,30.9466
2016-06-13,Beijing,LSTM,45.1545,68.5647
2016-06-14,Beijing,LSTM,35.2326,51.3746
2016-06-15,Beijing,LSTM,18.3056,42.1585
2016-06-16,Beijing,LSTM,24.6979,46.4111
2016-06-17,Beijing,LSTM,23.1424,50.4751
2016-06-18,Beijing,LSTM,39.2934,45.3343
2016-06-19,Beijing,LSTM,58.6389,54.7617
2016-06-22,Beijing,LSTM,54.4931,64.537
2016-06-23,Beijing,LSTM,76.6927,58.9955
2016-06-24,Beijing,LSTM,14.1719,65.7626
2016-06-28,Beijing,LSTM,67.6111,28.9489
2016-06-29,Beijing,LSTM,110.8299,49.1234
2016-06-30,Beijing,LSTM,60.9931,71.4086
2016-07-01,Beijing,LSTM,13.184,59.5143
2016-07-02,Beijing,LSTM,44.533,36.4733
2016-07-03,Beijing,LSTM,77.875,52.161
2016-07-04,Beijing,LSTM,130.6765,71.3506
2016-07-05,Beijing,LSTM,93.2106,73.3175
2016-07-06,Beijing,LSTM,75.066,65.518
2016-07-07,Beijing,LSTM,109.7812,67.5041
2016-07-08,Beijing,LSTM,92.0868,71.5913
2016-07-09,Beijing,LSTM,81.1354,57.7536
2016-07-10,Beijing,LSTM,93.0729,53.0686
2016-07-13,Beijing,LSTM,18.651,56.3957
2016-07-14,Beijing,LSTM,34.5503,44.7532
2016-07-15,Beijing,LSTM,35.0486,51.2059
2016-07-16,Beijing,LSTM,35.7049,46.3631
2016-07-17,Beijing,LSTM,75.8993,50.8355
2016-07-19,Beijing,LSTM,96.8924,69.0965
2016-07-20,Beijing,LSTM,36.1076,56.9783
2016-07-21,Beijing,LSTM,24.4201,0.0
2016-07-30,Beijing,LSTM,133.9184,30.9906
2016-07-31,Beijing,LSTM,53.5312,71.6172
2016-08-01,Beijing,LSTM,66.5451,57.1472
2016-08-02,Beijing,LSTM,50.2274,63.2271
2016-08-03,Beijing,LSTM,53.2483,53.4006
2016-08-04,Beijing,LSTM,97.9878,61.8818
2016-08-05,Beijing,LSTM,64.4653,67.8743
2016-08-06,Beijing,LSTM,100.3438,54.0774
2016-08-07,Beijing,LSTM,19.2361,59.7901
2016-08-08,Beijing,LSTM,30.5938,38.2736
2016-08-09,Beijing,LSTM,44.783,43.8118
2016-08-10,Beijing,LSTM,82.1337,58.7509
2016-08-11,Beijing,LSTM,86.276,50.9858
2016-08-12,Beijing,LSTM,60.6198,56.6981
2016-08-13,Beijing,LSTM,22.3681,45.9567
2016-08-14,Beijing,LSTM,19.4236,40.2131
2016-08-15,Beijing,LSTM,20.8993,50.1325
2016-08-16,Beijing,LSTM,23.2778,42.6596
2016-08-17,Beijing,LSTM,59.7708,45.9281
2016-08-18,Beijing,LSTM,74.5729,61.8717
2016-08-19,Beijing,LSTM,17.9549,49.0363
2016-08-20,Beijing,LSTM,52.4913,33.4444
2016-08-21,Beijing,LSTM,52.1632,62.127
2016-08-22,Beijing,LSTM,52.934,65.0247
2016-08-23,Beijing,LSTM,69.5521,57.3264
2016-08-24,Beijing,LSTM,79.6615,61.1279
2016-08-25,Beijing,LSTM,19.2292,68.4627
2016-08-26,Beijing,LSTM,10.0347,15.7342
2016-08-27,Beijing,LSTM,14.4948,38.7676
2016-08-28,Beijing,LSTM,11.0226,47.4235
2016-08-29,Beijing,LSTM,17.9149,43.6878
2016-08-30,Beijing,LSTM,29.1667,55.8329
2016-08-31,Beijing,LSTM,16.7865,64.3527
2016-09-01,Beijing,LSTM,7.4549,31.7963
2016-09-02,Beijing,LSTM,11.7396,28.5557
2016-09-03,Beijing,LSTM,18.8229,39.1534
2016-09-05,Beijing,LSTM,27.5469,52.3861
2016-09-08,Beijing,LSTM,20.7083,51.1008
2016-09-09,Beijing,LSTM,18.026,52.0392
2016-09-10,Beijing,LSTM,15.7639,46.8589
2016-09-11,Beijing,LSTM,32.3194,48.7559
2016-09-13,Beijing,LSTM,86.7431,46.5769
2016-09-17,Beijing,LSTM,41.5069,75.6527
2016-09-22,Beijing,LSTM,100.1528,55.338
2016-09-24,Beijing,LSTM,112.4045,73.0238
2016-09-26,Beijing,LSTM,58.6962,78.7851
2016-09-27,Beijing,LSTM,25.2378,50.8954
2016-09-28,Beijing,LSTM,14.2517,13.8894
2016-10-01,Beijing,LSTM,165.8507,37.0355
2016-10-02,Beijing,LSTM,183.7743,108.6467
2016-10-03,Beijing,LSTM,121.1736,101.4946
2016-10-06,Beijing,LSTM,72.4722,71.8213
2016-10-07,Beijing,LSTM,39.7083,42.6486
2016-10-15,Beijing,LSTM,191.1719,33.8843
2016-10-16,Beijing,LSTM,120.3368,94.9736
2016-10-17,Beijing,LSTM,60.2135,70.504
2016-10-18,Beijing,LSTM,117.6215,52.8067
2016-10-19,Beijing,LSTM,221.0851,72.3408
2016-10-20,Beijing,LSTM,95.2708,95.5776
2016-10-21,Beijing,LSTM,43.1319,49.2027
2016-10-22,Beijing,LSTM,14.4826,45.0546
2016-10-23,Beijing,LSTM,26.566,28.7943
2016-10-24,Beijing,LSTM,61.2604,51.9772
2016-10-25,Beijing,LSTM,96.8559,66.7722
2016-10-29,Beijing,LSTM,24.1632,71.5093
2016-10-30,Beijing,LSTM,44.0799,48.01
2016-10-31,Beijing,LSTM,8.625,44.7041
2016-11-01,Beijing,LSTM,41.1701,28.7416
2016-11-02,Beijing,LSTM,100.066,72.7473
2016-11-03,Beijing,LSTM,182.224,89.2186
2016-11-05,Beijing,LSTM,180.0313,102.7991
2016-11-06,Beijing,LSTM,71.8194,80.9236
2016-11-07,Beijing,LSTM,39.6424,50.7388
2016-11-08,Beijing,LSTM,35.0747,36.2116
2016-11-09,Beijing,LSTM,148.1944,59.899
2016-11-10,Beijing,LSTM,155.9149,95.5576
2016-11-11,Beijing,LSTM,78.2153,75.1486
2016-11-12,Beijing,LSTM,74.7396,63.3021
2016-11-13,Beijing,LSTM,94.0069,63.1279
2016-11-14,Beijing,LSTM,43.1944,70.1823
2016-11-15,Beijing,LSTM,39.2569,29.9917
2016-11-16,Beijing,LSTM,97.4028,61.6702
2016-11-17,Beijing,LSTM,114.5104,84.4307
2016-11-18,Beijing,LSTM,189.0313,81.7611
2016-11-19,Beijing,LSTM,124.184,90.71
2016-11-20,Beijing,LSTM,54.9792,54.0329
2016-11-21,Beijing,LSTM,9.6458,29.3262
2016-11-22,Beijing,LSTM,8.1736,8.2589
2016-11-23,Beijing,LSTM,18.934,23.1096
2016-11-24,Beijing,LSTM,67.4427,53.1271
2016-11-25,Beijing,LSTM,150.113,91.7686
2016-11-26,Beijing,LSTM,246.3391,110.4359
2016-11-27,Beijing,LSTM,54.4039,114.1319
2016-11-28,Beijing,LSTM,59.1753,40.8337
2016-11-29,Beijing,LSTM,96.7222,73.5809
2016-11-30,Beijing,LSTM,90.0451,83.8233
2016-12-01,Beijing,LSTM,27.8438,61.9796
2016-12-02,Beijing,LSTM,92.717,50.587
2016-12-05,Beijing,LSTM,49.7795,84.3467
2016-12-06,Beijing,LSTM,76.3611,43.1424
2016-12-07,Beijing,LSTM,121.1146,81.2258
2016-12-08,Beijing,LSTM,92.1806,82.1538
2016-12-09,Beijing,LSTM,21.9688,49.7801
2016-12-10,Beijing,LSTM,47.4792,48.1982
2016-12-11,Beijing,LSTM,160.4028,71.9053
2016-12-12,Beijing,LSTM,221.566,101.7426
2016-12-13,Beijing,LSTM,53.441,107.3614
2016-12-14,Beijing,LSTM,24.6632,45.6653
2016-12-15,Beijing,LSTM,25.9757,43.6566
2016-12-16,Beijing,LSTM,105.9479,43.3718
2016-12-23,Beijing,LSTM,30.8507,93.0792
2016-12-24,Beijing,LSTM,117.5313,55.0018
2016-12-26,Beijing,LSTM,45.9236,91.0653
2016-12-27,Beijing,LSTM,35.8733,53.8599
2016-12-28,Beijing,LSTM,63.9583,50.3998
2017-01-06,Beijing,LSTM,193.9861,49.5416
2017-01-07,Beijing,LSTM,165.9861,116.3523
2017-01-08,Beijing,LSTM,37.3507,91.1493
2017-01-09,Beijing,LSTM,32.6389,30.0174
2017-01-10,Beijing,LSTM,23.9826,28.5809
2017-01-11,Beijing,LSTM,57.8472,35.6443
2017-01-12,Beijing,LSTM,44.0972,85.5037
2017-01-13,Beijing,LSTM,13.2396,59.8968
2017-01-14,Beijing,LSTM,23.7986,34.6043
2017-01-15,Beijing,LSTM,56.8194,63.2429
2017-01-16,Beijing,LSTM,98.4514,77.6753
2017-01-17,Beijing,LSTM,137.8976,88.7756
2017-01-18,Beijing,LSTM,40.3368,92.3868
2017-01-19,Beijing,LSTM,46.0833,58.0163
2017-01-20,Beijing,LSTM,21.6875,40.1283
2017-01-21,Beijing,LSTM,26.3611,47.2464
2017-01-22,Beijing,LSTM,23.8403,43.9579
2017-01-23,Beijing,LSTM,32.9444,63.8423
2017-01-24,Beijing,LSTM,85.8576,74.4896
2017-01-25,Beijing,LSTM,171.4939,96.9407
2017-01-26,Beijing,LSTM,157.6814,109.65
2017-01-29,Beijing,LSTM,38.7917,68.3026
2017-01-30,Beijing,LSTM,24.7708,19.262
2017-01-31,Beijing,LSTM,75.7188,46.9861
2017-02-01,Beijing,LSTM,30.9184,85.8024
2017-02-03,Beijing,LSTM,154.4453,62.8426
2017-02-05,Beijing,LSTM,12.5417,114.6391
2017-02-06,Beijing,LSTM,12.9549,37.7133
2017-02-07,Beijing,LSTM,75.8611,43.9408
2017-02-08,Beijing,LSTM,32.8403,86.9796
2017-02-09,Beijing,LSTM,6.908,37.4623
2017-02-10,Beijing,LSTM,7.0972,20.7452
2017-02-11,Beijing,LSTM,41.8108,29.3705
2017-02-12,Beijing,LSTM,104.6476,83.2461
2017-02-13,Beijing,LSTM,80.3333,112.961
2017-02-14,Beijing,LSTM,177.0868,82.0852
2017-02-15,Beijing,LSTM,231.1019,104.0924
2017-02-16,Beijing,LSTM,107.9416,110.0356
2017-02-17,Beijing,LSTM,21.2153,42.7324
2017-02-18,Beijing,LSTM,83.9375,32.0293
2017-02-19,Beijing,LSTM,97.6111,79.0754
2017-02-20,Beijing,LSTM,11.533,66.5653
2017-02-21,Beijing,LSTM,61.3125,36.9422
2017-02-23,Beijing,LSTM,17.3368,72.9527
2017-02-24,Beijing,LSTM,25.4253,50.2615
2017-02-25,Beijing,LSTM,11.3576,58.3924
2017-02-26,Beijing,LSTM,27.7049,49.8392
2016-05-13,Beijing,Prophet,32.1215,56.7388
2016-05-14,Beijing,Prophet,39.2726,53.7081
2016-05-15,Beijing,Prophet,33.0677,53.0218
2016-05-16,Beijing,Prophet,22.8403,52.2417
2016-05-17,Beijing,Prophet,56.2708,54.2847
2016-05-18,Beijing,Prophet,58.9688,50.0504
2016-05-19,Beijing,Prophet,84.7014,50.4587
2016-05-20,Beijing,Prophet,87.8212,54.6127
2016-05-21,Beijing,Prophet,68.5347,51.6583
2016-05-22,Beijing,Prophet,47.0191,51.0327
2016-05-23,Beijing,Prophet,62.3003,50.3011
2016-05-24,Beijing,Prophet,18.3455,52.3845
2016-05-25,Beijing,Prophet,11.7969,48.1875
2016-05-26,Beijing,Prophet,21.7899,48.6353
2016-05-27,Beijing,Prophet,46.9062,52.837
2016-05-28,Beijing,Prophet,48.3247,49.9444
2016-05-29,Beijing,Prophet,31.8003,49.4005
2016-05-30,Beijing,Prophet,79.6493,48.7763
2016-05-31,Beijing,Prophet,50.4992,50.9978
2016-06-01,Beijing,Prophet,35.6796,46.9737
2016-06-02,Beijing,Prophet,51.9306,47.6328
2016-06-03,Beijing,Prophet,79.6701,52.0862
2016-06-07,Beijing,Prophet,57.9097,49.4869
2016-06-08,Beijing,Prophet,122.5729,49.2774
2016-06-09,Beijing,Prophet,111.7118,49.0269
2016-06-10,Beijing,Prophet,51.6771,51.658
2016-06-11,Beijing,Prophet,10.1354,48.0749
2016-06-12,Beijing,Prophet,68.2847,48.6505
2016-06-13,Beijing,Prophet,45.1545,54.1377
2016-06-14,Beijing,Prophet,35.2326,52.032
2016-06-15,Beijing,Prophet,18.3056,52.3162
2016-06-16,Beijing,Prophet,24.6979,52.5495
2016-06-17,Beijing,Prophet,23.1424,55.6442
2016-06-18,Beijing,Prophet,39.2934,52.4938
2016-06-19,Beijing,Prophet,58.6389,54.0104
2016-06-22,Beijing,Prophet,54.4931,59.2879
2016-06-23,Beijing,Prophet,76.6927,57.4615
2016-06-24,Beijing,Prophet,14.1719,57.9562
2016-06-28,Beijing,Prophet,67.6111,58.3241
2016-06-29,Beijing,Prophet,110.8299,61.4719
2016-06-30,Beijing,Prophet,60.9931,58.2894
2016-07-01,Beijing,Prophet,13.184,59.687
2016-07-02,Beijing,Prophet,44.533,64.7584
2016-07-03,Beijing,Prophet,77.875,62.6412
2016-07-04,Beijing,Prophet,130.6765,62.7644
2016-07-05,Beijing,Prophet,93.2106,62.6864
2016-07-06,Beijing,Prophet,75.066,65.3221
2016-07-07,Beijing,Prophet,109.7812,61.5712
2016-07-08,Beijing,Prophet,92.0868,62.3553
2016-07-09,Beijing,Prophet,81.1354,66.7812
2016-07-10,Beijing,Prophet,93.0729,63.9998
2016-07-13,Beijing,Prophet,18.651,63.4547
2016-07-14,Beijing,Prophet,34.5503,62.7188
2016-07-15,Beijing,Prophet,35.0486,64.7217
2016-07-16,Beijing,Prophet,35.7049,60.3771
2016-07-17,Beijing,Prophet,75.8993,60.6199
2016-07-19,Beijing,Prophet,96.8924,64.5687
2016-07-20,Beijing,Prophet,36.1076,61.3853
2016-07-21,Beijing,Prophet,24.4201,60.5215
2016-07-30,Beijing,Prophet,133.9184,59.557
2016-07-31,Beijing,Prophet,53.5312,61.4254
2016-08-01,Beijing,Prophet,66.5451,57.042
2016-08-02,Beijing,Prophet,50.2274,57.3407
2016-08-03,Beijing,Prophet,53.2483,61.4367
2016-08-04,Beijing,Prophet,97.9878,58.4852
2016-08-05,Beijing,Prophet,64.4653,57.9298
2016-08-06,Beijing,Prophet,100.3438,57.3388
2016-08-07,Beijing,Prophet,19.2361,59.6329
2016-08-08,Beijing,Prophet,30.5938,55.7125
2016-08-09,Beijing,Prophet,44.783,56.4955
2016-08-10,Beijing,Prophet,82.1337,61.0796
2016-08-11,Beijing,Prophet,86.276,58.6024
2016-08-12,Beijing,Prophet,60.6198,58.4895
2016-08-13,Beijing,Prophet,22.3681,58.2918
2016-08-14,Beijing,Prophet,19.4236,60.9131
2016-08-15,Beijing,Prophet,20.8993,57.2388
2016-08-16,Beijing,Prophet,23.2778,58.1727
2016-08-17,Beijing,Prophet,59.7708,62.8015
2016-08-18,Beijing,Prophet,74.5729,60.2537
2016-08-19,Beijing,Prophet,17.9549,59.9488
2016-08-20,Beijing,Prophet,52.4913,59.4347
2016-08-21,Beijing,Prophet,52.1632,61.6156
2016-08-22,Beijing,Prophet,52.934,57.3801
2016-08-23,Beijing,Prophet,69.5521,57.6393
2016-08-24,Beijing,Prophet,79.6615,61.4898
2016-08-25,Beijing,Prophet,19.2292,58.0735
2016-08-26,Beijing,Prophet,10.0347,56.826
2016-08-27,Beijing,Prophet,14.4948,55.3138
2016-08-28,Beijing,Prophet,11.0226,56.462
2016-08-29,Beijing,Prophet,17.9149,51.1819
2016-08-30,Beijing,Prophet,29.1667,50.4081
2016-08-31,Beijing,Prophet,16.7865,53.2618
2016-09-01,Beijing,Prophet,7.4549,48.9094
2016-09-02,Beijing,Prophet,11.7396,46.8106
2016-09-03,Beijing,Prophet,18.8229,44.5549
2016-09-05,Beijing,Prophet,27.5469,45.0888
2016-09-08,Beijing,Prophet,20.7083,39.3428
2016-09-09,Beijing,Prophet,18.026,38.2682
2016-09-10,Beijing,Prophet,15.7639,40.9996
2016-09-11,Beijing,Prophet,32.3194,36.7135
2016-09-13,Beijing,Prophet,86.7431,34.8757
2016-09-17,Beijing,Prophet,41.5069,33.0782
2016-09-22,Beijing,Prophet,100.1528,34.2654
2016-09-24,Beijing,Prophet,112.4045,29.3618
2016-09-26,Beijing,Prophet,58.6962,29.3087
2016-09-27,Beijing,Prophet,25.2378,33.2265
2016-09-28,Beijing,Prophet,14.2517,30.2738
2016-10-01,Beijing,Prophet,165.8507,29.8955
2016-10-02,Beijing,Prophet,183.7743,29.6593
2016-10-03,Beijing,Prophet,121.1736,32.4832
2016-10-06,Beijing,Prophet,72.4722,29.263
2016-10-07,Beijing,Prophet,39.7083,30.9103
2016-10-15,Beijing,Prophet,191.1719,36.515
2016-10-16,Beijing,Prophet,120.3368,35.2053
2016-10-17,Beijing,Prophet,60.2135,36.3958
2016-10-18,Beijing,Prophet,117.6215,37.6257
2016-10-19,Beijing,Prophet,221.0851,41.7861
2016-10-20,Beijing,Prophet,95.2708,39.7487
2016-10-21,Beijing,Prophet,43.1319,42.4033
2016-10-22,Beijing,Prophet,14.4826,48.8221
2016-10-23,Beijing,Prophet,26.566,48.1189
2016-10-24,Beijing,Prophet,61.2604,49.6987
2016-10-25,Beijing,Prophet,96.8559,51.0949
2016-10-29,Beijing,Prophet,24.1632,55.1973
2016-10-30,Beijing,Prophet,44.0799,52.8808
2016-10-31,Beijing,Prophet,8.625,53.1648
2016-11-01,Beijing,Prophet,41.1701,60.7686
2016-11-02,Beijing,Prophet,100.066,59.1865
2016-11-03,Beijing,Prophet,182.224,59.7214
2016-11-05,Beijing,Prophet,180.0312,59.9293
2016-11-06,Beijing,Prophet,71.8194,62.7254
2016-11-07,Beijing,Prophet,39.6424,59.0119
2016-11-08,Beijing,Prophet,35.0747,59.7156
2016-11-09,Beijing,Prophet,148.1944,63.95
2016-11-10,Beijing,Prophet,155.9149,60.8751
2016-11-11,Beijing,Prophet,78.2153,59.9448
2016-11-12,Beijing,Prophet,74.7396,58.7435
2016-11-13,Beijing,Prophet,94.0069,60.2136
2016-11-14,Beijing,Prophet,43.1944,55.2819
2016-11-15,Beijing,Prophet,39.2569,54.8973
2016-11-16,Beijing,Prophet,97.4028,58.1923
2016-11-17,Beijing,Prophet,114.5104,46.8863
2016-11-18,Beijing,Prophet,189.0312,45.3568
2016-11-19,Beijing,Prophet,124.184,43.7401
2016-11-20,Beijing,Prophet,54.9792,52.4383
2016-11-21,Beijing,Prophet,9.6458,47.4659
2016-11-22,Beijing,Prophet,8.1736,47.2232
2016-11-23,Beijing,Prophet,18.934,50.8347
2016-11-24,Beijing,Prophet,67.4427,47.4641
2016-11-25,Beijing,Prophet,150.113,46.5619
2016-11-26,Beijing,Prophet,246.3391,45.7027
2016-11-27,Beijing,Prophet,54.4039,47.8121
2016-11-28,Beijing,Prophet,59.1753,43.7947
2016-11-29,Beijing,Prophet,96.7222,44.5712
2016-11-30,Beijing,Prophet,90.0451,49.242
2016-12-01,Beijing,Prophet,27.8438,46.9458
2016-12-02,Beijing,Prophet,92.717,47.1091
2016-12-05,Beijing,Prophet,49.7795,47.2828
2016-12-06,Beijing,Prophet,76.3611,50.3705
2016-12-07,Beijing,Prophet,121.1146,47.2561
2016-12-08,Beijing,Prophet,92.1806,48.8423
2016-12-09,Beijing,Prophet,21.9688,54.2136
2016-12-10,Beijing,Prophet,47.4792,52.4961
2016-12-11,Beijing,Prophet,160.4028,53.1063
2016-12-12,Beijing,Prophet,221.566,53.5885
2016-12-13,Beijing,Prophet,53.441,56.8431
2016-12-14,Beijing,Prophet,24.6632,53.754
2016-12-15,Beijing,Prophet,25.9757,55.2269
2016-12-16,Beijing,Prophet,105.9479,60.3525
2016-12-23,Beijing,Prophet,30.8507,58.2659
2016-12-24,Beijing,Prophet,117.5312,58.3952
2016-12-26,Beijing,Prophet,45.9236,58.2985
2016-12-27,Beijing,Prophet,35.8733,60.8916
2016-12-28,Beijing,Prophet,63.9583,57.0757
2017-01-06,Beijing,Prophet,193.9861,57.7747
2017-01-07,Beijing,Prophet,165.9861,62.0978
2017-01-08,Beijing,Prophet,37.3507,59.1992
2017-01-09,Beijing,Prophet,32.6389,58.5255
2017-01-10,Beijing,Prophet,23.9826,57.6529
2017-01-11,Beijing,Prophet,57.8472,59.5141
2017-01-12,Beijing,Prophet,44.0972,55.0258
2017-01-13,Beijing,Prophet,13.2396,55.1258
2017-01-14,Beijing,Prophet,23.7986,58.9351
2017-01-15,Beijing,Prophet,56.8194,55.6176
2017-01-16,Beijing,Prophet,98.4514,54.6274
2017-01-17,Beijing,Prophet,137.8976,53.5455
2017-01-18,Beijing,Prophet,40.3368,55.3073
2017-01-19,Beijing,Prophet,46.0833,50.8293
2017-01-20,Beijing,Prophet,21.6875,51.0471
2017-01-21,Beijing,Prophet,26.3611,55.0773
2017-01-22,Beijing,Prophet,23.8403,52.0769
2017-01-23,Beijing,Prophet,32.9444,51.4917
2017-01-24,Beijing,Prophet,85.8576,50.8925
2017-01-25,Beijing,Prophet,171.4939,53.2032
2017-01-26,Beijing,Prophet,157.6814,49.3279
2017-01-29,Beijing,Prophet,38.7917,50.1888
2017-01-30,Beijing,Prophet,24.7708,54.8888
2017-01-31,Beijing,Prophet,75.7188,52.5711
2017-02-01,Beijing,Prophet,30.9184,52.6676
2017-02-03,Beijing,Prophet,154.4453,52.7362
2017-02-05,Beijing,Prophet,12.5417,55.688
2017-02-06,Beijing,Prophet,12.9549,52.4157
2017-02-07,Beijing,Prophet,75.8611,53.831
2017-02-08,Beijing,Prophet,32.8403,59.0277
2017-02-09,Beijing,Prophet,6.908,57.1417
2017-02-10,Beijing,Prophet,7.0972,57.5988
2017-02-11,Beijing,Prophet,41.8108,57.9523
2017-02-12,Beijing,Prophet,104.6476,61.1109
2017-02-13,Beijing,Prophet,80.3333,57.9661
2017-02-14,Beijing,Prophet,177.0868,59.4302
2017-02-15,Beijing,Prophet,231.1019,64.5991
2017-02-16,Beijing,Prophet,107.9416,62.6119
2017-02-17,Beijing,Prophet,21.2153,62.8992
2017-02-18,Beijing,Prophet,83.9375,63.0203
2017-02-19,Beijing,Prophet,97.6111,65.8903
2017-02-20,Beijing,Prophet,11.533,62.4082
2017-02-21,Beijing,Prophet,61.3125,63.4943
2017-02-23,Beijing,Prophet,17.3368,68.2528
2017-02-24,Beijing,Prophet,25.4253,65.8312
2017-02-25,Beijing,Prophet,11.3576,65.6684
2017-02-26,Beijing,Prophet,27.7049,65.3317
2016-05-19,Beijing,Transformer,84.7014,86.289
2016-05-20,Beijing,Transformer,87.8212,109.768
2016-05-21,Beijing,Transformer,68.5347,101.5927
2016-05-22,Beijing,Transformer,47.0191,93.9491
2016-05-23,Beijing,Transformer,62.3003,87.8058
2016-05-24,Beijing,Transformer,18.3455,65.5261
2016-05-25,Beijing,Transformer,11.7969,19.7841
2016-05-26,Beijing,Transformer,21.7899,24.0032
2016-05-27,Beijing,Transformer,46.9063,24.1119
2016-05-28,Beijing,Transformer,48.3247,43.634
2016-05-29,Beijing,Transformer,31.8003,59.6614
2016-05-30,Beijing,Transformer,79.6493,28.6693
2016-05-31,Beijing,Transformer,50.4992,63.5706
2016-06-01,Beijing,Transformer,35.6796,43.2841
2016-06-02,Beijing,Transformer,51.9306,54.4302
2016-06-03,Beijing,Transformer,79.6701,65.5707
2016-06-07,Beijing,Transformer,57.9097,78.0315
2016-06-08,Beijing,Transformer,122.5729,43.4887
2016-06-09,Beijing,Transformer,111.7118,68.5258
2016-06-10,Beijing,Transformer,51.6771,30.7349
2016-06-11,Beijing,Transformer,10.1354,29.7857
2016-06-12,Beijing,Transformer,68.2847,15.1941
2016-06-13,Beijing,Transformer,45.1545,51.8597
2016-06-14,Beijing,Transformer,35.2326,31.2384
2016-06-15,Beijing,Transformer,18.3056,18.5099
2016-06-16,Beijing,Transformer,24.6979,26.5995
2016-06-17,Beijing,Transformer,23.1424,26.3327
2016-06-18,Beijing,Transformer,39.2934,20.122
2016-06-19,Beijing,Transformer,58.6389,32.3288
2016-06-22,Beijing,Transformer,54.4931,65.3042
2016-06-23,Beijing,Transformer,76.6927,68.2161
2016-06-24,Beijing,Transformer,14.1719,75.6582
2016-06-28,Beijing,Transformer,67.6111,13.8438
2016-06-29,Beijing,Transformer,110.8299,17.4921
2016-06-30,Beijing,Transformer,60.9931,89.1257
2016-07-01,Beijing,Transformer,13.184,75.445
2016-07-02,Beijing,Transformer,44.533,20.0432
2016-07-03,Beijing,Transformer,77.875,39.2082
2016-07-04,Beijing,Transformer,130.6765,73.9623
2016-07-05,Beijing,Transformer,93.2106,76.8405
2016-07-06,Beijing,Transformer,75.066,69.862
2016-07-07,Beijing,Transformer,109.7813,70.6017
2016-07-08,Beijing,Transformer,92.0868,70.946
2016-07-09,Beijing,Transformer,81.1354,39.5969
2016-07-10,Beijing,Transformer,93.0729,41.5667
2016-07-13,Beijing,Transformer,18.651,49.7541
2016-07-14,Beijing,Transformer,34.5503,31.3242
2016-07-15,Beijing,Transformer,35.0486,33.8056
2016-07-16,Beijing,Transformer,35.7049,21.7969
2016-07-17,Beijing,Transformer,75.8993,23.7953
2016-07-19,Beijing,Transformer,96.8924,60.9765
2016-07-20,Beijing,Transformer,36.1076,27.3804
2016-07-21,Beijing,Transformer,24.4201,48.9586
2016-07-30,Beijing,Transformer,133.9184,43.8717
2016-07-31,Beijing,Transformer,53.5312,56.3541
2016-08-01,Beijing,Transformer,66.5451,60.3061
2016-08-02,Beijing,Transformer,50.2274,58.7355
2016-08-03,Beijing,Transformer,53.2483,53.0286
2016-08-04,Beijing,Transformer,97.9878,49.8574
2016-08-05,Beijing,Transformer,64.4653,51.665
2016-08-06,Beijing,Transformer,100.3437,50.2998
2016-08-07,Beijing,Transformer,19.2361,57.0808
2016-08-08,Beijing,Transformer,30.5938,49.5443
2016-08-09,Beijing,Transformer,44.783,53.4533
2016-08-10,Beijing,Transformer,82.1337,58.4954
2016-08-11,Beijing,Transformer,86.276,59.1119
2016-08-12,Beijing,Transformer,60.6198,56.4066
2016-08-13,Beijing,Transformer,22.3681,16.4434
2016-08-14,Beijing,Transformer,19.4236,9.6657
2016-08-15,Beijing,Transformer,20.8993,8.0086
2016-08-16,Beijing,Transformer,23.2778,13.1736
2016-08-17,Beijing,Transformer,59.7708,19.8464
2016-08-18,Beijing,Transformer,74.5729,25.0796
2016-08-19,Beijing,Transformer,17.9549,23.0234
2016-08-20,Beijing,Transformer,52.4913,13.2003
2016-08-21,Beijing,Transformer,52.1632,16.521
2016-08-22,Beijing,Transformer,52.934,32.8528
2016-08-23,Beijing,Transformer,69.5521,30.9962
2016-08-24,Beijing,Transformer,79.6615,28.5776
2016-08-25,Beijing,Transformer,19.2292,26.111
2016-08-26,Beijing,Transformer,10.0347,5.5898
2016-08-27,Beijing,Transformer,14.4948,8.8116
2016-08-28,Beijing,Transformer,11.0226,22.0687
2016-08-29,Beijing,Transformer,17.9149,18.8016
2016-08-30,Beijing,Transformer,29.1667,35.7542
2016-08-31,Beijing,Transformer,16.7865,62.7278
2016-09-01,Beijing,Transformer,7.4549,11.1972
2016-09-02,Beijing,Transformer,11.7396,10.3774
2016-09-03,Beijing,Transformer,18.8229,12.6093
2016-09-05,Beijing,Transformer,27.5469,21.9142
2016-09-08,Beijing,Transformer,20.7083,25.2604
2016-09-09,Beijing,Transformer,18.026,27.2107
2016-09-10,Beijing,Transformer,15.7639,19.226
2016-09-11,Beijing,Transformer,32.3194,22.7195
2016-09-13,Beijing,Transformer,86.7431,18.5184
2016-09-17,Beijing,Transformer,41.5069,68.7086
2016-09-22,Beijing,Transformer,100.1528,26.4393
2016-09-24,Beijing,Transformer,112.4045,72.6481
2016-09-26,Beijing,Transformer,58.6962,82.4572
2016-09-27,Beijing,Transformer,25.2378,23.4619
2016-09-28,Beijing,Transformer,14.2517,9.9683
2016-10-01,Beijing,Transformer,165.8507,20.9395
2016-10-02,Beijing,Transformer,183.7743,133.5529
2016-10-03,Beijing,Transformer,121.1736,142.5529
2016-10-06,Beijing,Transformer,72.4722,92.1347
2016-10-07,Beijing,Transformer,39.7083,30.8514
2016-10-15,Beijing,Transformer,191.1719,24.0346
2016-10-16,Beijing,Transformer,120.3368,112.8159
2016-10-17,Beijing,Transformer,60.2135,92.8453
2016-10-18,Beijing,Transformer,117.6215,45.0431
2016-10-19,Beijing,Transformer,221.0851,84.5355
2016-10-20,Beijing,Transformer,95.2708,100.6038
2016-10-21,Beijing,Transformer,43.1319,28.6057
2016-10-22,Beijing,Transformer,14.4826,34.1161
2016-10-23,Beijing,Transformer,26.566,14.7388
2016-10-24,Beijing,Transformer,61.2604,35.8051
2016-10-25,Beijing,Transformer,96.8559,77.2028
2016-10-29,Beijing,Transformer,24.1632,74.017
2016-10-30,Beijing,Transformer,44.0799,40.0745
2016-10-31,Beijing,Transformer,8.625,27.2662
2016-11-01,Beijing,Transformer,41.1701,19.0667
2016-11-02,Beijing,Transformer,100.066,99.3573
2016-11-03,Beijing,Transformer,182.224,107.8378
2016-11-05,Beijing,Transformer,180.0313,58.7419
2016-11-06,Beijing,Transformer,71.8194,32.3749
2016-11-07,Beijing,Transformer,39.6424,36.4555
2016-11-08,Beijing,Transformer,35.0747,25.46
2016-11-09,Beijing,Transformer,148.1944,62.6042
2016-11-10,Beijing,Transformer,155.9149,115.3669
2016-11-11,Beijing,Transformer,78.2153,34.818
2016-11-12,Beijing,Transformer,74.7396,66.3405
2016-11-13,Beijing,Transformer,94.0069,60.5977
2016-11-14,Beijing,Transformer,43.1944,67.6797
2016-11-15,Beijing,Transformer,39.2569,21.4468
2016-11-16,Beijing,Transformer,97.4028,80.0607
2016-11-17,Beijing,Transformer,114.5104,100.1662
2016-11-18,Beijing,Transformer,189.0312,89.2773
2016-11-19,Beijing,Transformer,124.184,52.5355
2016-11-20,Beijing,Transformer,54.9792,33.1581
2016-11-21,Beijing,Transformer,9.6458,20.7402
2016-11-22,Beijing,Transformer,8.1736,16.4395
2016-11-23,Beijing,Transformer,18.934,22.9052
2016-11-24,Beijing,Transformer,67.4427,39.0805
2016-11-25,Beijing,Transformer,150.113,122.5549
2016-11-26,Beijing,Transformer,246.3391,139.1588
2016-11-27,Beijing,Transformer,54.4039,59.3436
2016-11-28,Beijing,Transformer,59.1753,42.8919
2016-11-29,Beijing,Transformer,96.7222,108.087
2016-11-30,Beijing,Transformer,90.0451,100.1073
2016-12-01,Beijing,Transformer,27.8437,42.4647
2016-12-02,Beijing,Transformer,92.717,87.6354
2016-12-05,Beijing,Transformer,49.7795,107.5271
2016-12-06,Beijing,Transformer,76.3611,35.9797
2016-12-07,Beijing,Transformer,121.1146,93.8623
2016-12-08,Beijing,Transformer,92.1806,71.572
2016-12-09,Beijing,Transformer,21.9688,33.3687
2016-12-10,Beijing,Transformer,47.4792,60.2129
2016-12-11,Beijing,Transformer,160.4028,103.3984
2016-12-12,Beijing,Transformer,221.566,107.5515
2016-12-13,Beijing,Transformer,53.441,122.5915
2016-12-14,Beijing,Transformer,24.6632,72.3776
2016-12-15,Beijing,Transformer,25.9757,51.7988
2016-12-16,Beijing,Transformer,105.9479,32.6714
2016-12-23,Beijing,Transformer,30.8507,89.7928
2016-12-24,Beijing,Transformer,117.5312,65.9632
2016-12-26,Beijing,Transformer,45.9236,108.4219
2016-12-27,Beijing,Transformer,35.8733,72.0728
2016-12-28,Beijing,Transformer,63.9583,50.6084
2017-01-06,Beijing,Transformer,193.9861,30.4966
2017-01-07,Beijing,Transformer,165.9861,129.6261
2017-01-08,Beijing,Transformer,37.3507,122.4394
2017-01-09,Beijing,Transformer,32.6389,25.1606
2017-01-10,Beijing,Transformer,23.9826,22.9206
2017-01-11,Beijing,Transformer,57.8472,25.4341
2017-01-12,Beijing,Transformer,44.0972,91.9955
2017-01-13,Beijing,Transformer,13.2396,52.99
2017-01-14,Beijing,Transformer,23.7986,23.9203
2017-01-15,Beijing,Transformer,56.8194,69.2081
2017-01-16,Beijing,Transformer,98.4514,106.0306
2017-01-17,Beijing,Transformer,137.8976,118.206
2017-01-18,Beijing,Transformer,40.3368,117.6229
2017-01-19,Beijing,Transformer,46.0833,94.9273
2017-01-20,Beijing,Transformer,21.6875,35.3088
2017-01-21,Beijing,Transformer,26.3611,43.541
2017-01-22,Beijing,Transformer,23.8403,29.4999
2017-01-23,Beijing,Transformer,32.9444,77.2229
2017-01-24,Beijing,Transformer,85.8576,102.0564
2017-01-25,Beijing,Transformer,171.4939,115.9698
2017-01-26,Beijing,Transformer,157.6814,114.9983
2017-01-29,Beijing,Transformer,38.7917,30.9056
2017-01-30,Beijing,Transformer,24.7708,22.3004
2017-01-31,Beijing,Transformer,75.7188,49.52
2017-02-01,Beijing,Transformer,30.9184,114.7776
2017-02-03,Beijing,Transformer,154.4453,102.1392
2017-02-05,Beijing,Transformer,12.5417,124.3584
2017-02-06,Beijing,Transformer,12.9549,38.6884
2017-02-07,Beijing,Transformer,75.8611,46.6846
2017-02-08,Beijing,Transformer,32.8403,114.3572
2017-02-09,Beijing,Transformer,6.908,30.0344
2017-02-10,Beijing,Transformer,7.0972,19.2858
2017-02-11,Beijing,Transformer,41.8108,21.5714
2017-02-12,Beijing,Transformer,104.6476,95.9928
2017-02-13,Beijing,Transformer,80.3333,134.9178
2017-02-14,Beijing,Transformer,177.0868,121.8834
2017-02-15,Beijing,Transformer,231.1019,130.6282
2017-02-16,Beijing,Transformer,107.9416,119.3423
2017-02-17,Beijing,Transformer,21.2153,30.6894
2017-02-18,Beijing,Transformer,83.9375,33.9828
2017-02-19,Beijing,Transformer,97.6111,76.5199
2017-02-20,Beijing,Transformer,11.533,40.7365
2017-02-21,Beijing,Transformer,61.3125,35.2117
2017-02-23,Beijing,Transformer,17.3368,91.5428
2017-02-24,Beijing,Transformer,25.4253,39.9726
2017-02-25,Beijing,Transformer,11.3576,51.9663
2017-02-26,Beijing,Transformer,27.7049,38.2994
2016-05-15,Beijing,XGBoost,33.0677,59.0219
2016-05-16,Beijing,XGBoost,22.8403,35.2332
2016-05-17,Beijing,XGBoost,56.2708,51.1588
2016-05-18,Beijing,XGBoost,58.9688,79.9776
2016-05-19,Beijing,XGBoost,84.7014,48.4341
2016-05-20,Beijing,XGBoost,87.8212,71.6208
2016-05-21,Beijing,XGBoost,68.5347,92.2996
2016-05-22,Beijing,XGBoost,47.0191,72.0011
2016-05-23,Beijing,XGBoost,62.3003,50.9182
2016-05-24,Beijing,XGBoost,18.3455,57.3116
2016-05-25,Beijing,XGBoost,11.7969,50.3751
2016-05-26,Beijing,XGBoost,21.7899,43.6755
2016-05-27,Beijing,XGBoost,46.9062,52.9286
2016-05-28,Beijing,XGBoost,48.3247,52.1912
2016-05-29,Beijing,XGBoost,31.8003,47.1074
2016-05-30,Beijing,XGBoost,79.6493,58.7934
2016-05-31,Beijing,XGBoost,50.4992,68.6854
2016-06-01,Beijing,XGBoost,35.6796,47.5376
2016-06-02,Beijing,XGBoost,51.9306,27.8234
2016-06-03,Beijing,XGBoost,79.6701,37.1643
2016-06-07,Beijing,XGBoost,57.9097,94.3605
2016-06-08,Beijing,XGBoost,122.5729,77.0112
2016-06-09,Beijing,XGBoost,111.7118,68.107
2016-06-10,Beijing,XGBoost,51.6771,51.2832
2016-06-11,Beijing,XGBoost,10.1354,37.8868
2016-06-12,Beijing,XGBoost,68.2847,28.2448
2016-06-13,Beijing,XGBoost,45.1545,78.0735
2016-06-14,Beijing,XGBoost,35.2326,77.5725
2016-06-15,Beijing,XGBoost,18.3056,58.5524
2016-06-16,Beijing,XGBoost,24.6979,37.3088
2016-06-17,Beijing,XGBoost,23.1424,30.534
2016-06-18,Beijing,XGBoost,39.2934,52.2028
2016-06-19,Beijing,XGBoost,58.6389,45.5175
2016-06-22,Beijing,XGBoost,54.4931,91.4427
2016-06-23,Beijing,XGBoost,76.6927,88.1415
2016-06-24,Beijing,XGBoost,14.1719,27.3623
2016-06-28,Beijing,XGBoost,67.6111,59.3556
2016-06-29,Beijing,XGBoost,110.8299,88.8418
2016-06-30,Beijing,XGBoost,60.9931,120.2041
2016-07-01,Beijing,XGBoost,13.184,45.4745
2016-07-02,Beijing,XGBoost,44.533,41.6981
2016-07-03,Beijing,XGBoost,77.875,74.3943
2016-07-04,Beijing,XGBoost,130.6765,99.7599
2016-07-05,Beijing,XGBoost,93.2106,93.2982
2016-07-06,Beijing,XGBoost,75.066,67.6582
2016-07-07,Beijing,XGBoost,109.7812,69.4334
2016-07-08,Beijing,XGBoost,92.0868,88.877
2016-07-09,Beijing,XGBoost,81.1354,85.0494
2016-07-10,Beijing,XGBoost,93.0729,63.3188
2016-07-13,Beijing,XGBoost,18.651,46.5671
2016-07-14,Beijing,XGBoost,34.5503,27.5448
2016-07-15,Beijing,XGBoost,35.0486,52.5578
2016-07-16,Beijing,XGBoost,35.7049,53.1631
2016-07-17,Beijing,XGBoost,75.8993,52.9764
2016-07-19,Beijing,XGBoost,96.8924,75.8263
2016-07-20,Beijing,XGBoost,36.1076,54.2803
2016-07-21,Beijing,XGBoost,24.4201,92.1862
2016-07-30,Beijing,XGBoost,133.9184,96.3965
2016-07-31,Beijing,XGBoost,53.5312,140.5003
2016-08-01,Beijing,XGBoost,66.5451,100.8399
2016-08-02,Beijing,XGBoost,50.2274,90.5095
2016-08-03,Beijing,XGBoost,53.2483,94.2502
2016-08-04,Beijing,XGBoost,97.9878,117.9001
2016-08-05,Beijing,XGBoost,64.4653,105.0483
2016-08-06,Beijing,XGBoost,100.3438,84.1931
2016-08-07,Beijing,XGBoost,19.2361,74.2097
2016-08-08,Beijing,XGBoost,30.5938,54.2172
2016-08-09,Beijing,XGBoost,44.783,56.8366
2016-08-10,Beijing,XGBoost,82.1337,105.8017
2016-08-11,Beijing,XGBoost,86.276,117.1271
2016-08-12,Beijing,XGBoost,60.6198,94.073
2016-08-13,Beijing,XGBoost,22.3681,70.6586
2016-08-14,Beijing,XGBoost,19.4236,28.7571
2016-08-15,Beijing,XGBoost,20.8993,41.4656
2016-08-16,Beijing,XGBoost,23.2778,47.4461
2016-08-17,Beijing,XGBoost,59.7708,82.2122
2016-08-18,Beijing,XGBoost,74.5729,86.2018
2016-08-19,Beijing,XGBoost,17.9549,68.7054
2016-08-20,Beijing,XGBoost,52.4913,70.2853
2016-08-21,Beijing,XGBoost,52.1632,99.701
2016-08-22,Beijing,XGBoost,52.934,73.8719
2016-08-23,Beijing,XGBoost,69.5521,67.7133
2016-08-24,Beijing,XGBoost,79.6615,95.8537
2016-08-25,Beijing,XGBoost,19.2292,36.9316
2016-08-26,Beijing,XGBoost,10.0347,23.2517
2016-08-27,Beijing,XGBoost,14.4948,6.747
2016-08-28,Beijing,XGBoost,11.0226,14.0323
2016-08-29,Beijing,XGBoost,17.9149,18.2576
2016-08-30,Beijing,XGBoost,29.1667,23.5315
2016-08-31,Beijing,XGBoost,16.7865,28.6959
2016-09-01,Beijing,XGBoost,7.4549,19.0281
2016-09-02,Beijing,XGBoost,11.7396,23.7505
2016-09-03,Beijing,XGBoost,18.8229,21.1722
2016-09-05,Beijing,XGBoost,27.5469,38.4985
2016-09-08,Beijing,XGBoost,20.7083,19.5199
2016-09-09,Beijing,XGBoost,18.026,15.8246
2016-09-10,Beijing,XGBoost,15.7639,16.0441
2016-09-11,Beijing,XGBoost,32.3194,34.4217
2016-09-13,Beijing,XGBoost,86.7431,49.1019
2016-09-17,Beijing,XGBoost,41.5069,96.0339
2016-09-22,Beijing,XGBoost,100.1528,22.5152
2016-09-24,Beijing,XGBoost,112.4045,90.9268
2016-09-26,Beijing,XGBoost,58.6962,100.1474
2016-09-27,Beijing,XGBoost,25.2378,40.2782
2016-09-28,Beijing,XGBoost,14.2517,18.3486
2016-10-01,Beijing,XGBoost,165.8507,54.8108
2016-10-02,Beijing,XGBoost,183.7743,114.7718
2016-10-03,Beijing,XGBoost,121.1736,139.0044
2016-10-06,Beijing,XGBoost,72.4722,57.9036
2016-10-07,Beijing,XGBoost,39.7083,58.5508
2016-10-15,Beijing,XGBoost,191.1719,120.0008
2016-10-16,Beijing,XGBoost,120.3368,63.2245
2016-10-17,Beijing,XGBoost,60.2135,73.9488
2016-10-18,Beijing,XGBoost,117.6215,61.78
2016-10-19,Beijing,XGBoost,221.0851,146.8122
2016-10-20,Beijing,XGBoost,95.2708,76.512
2016-10-21,Beijing,XGBoost,43.1319,61.0298
2016-10-22,Beijing,XGBoost,14.4826,67.1484
2016-10-23,Beijing,XGBoost,26.566,36.1082
2016-10-24,Beijing,XGBoost,61.2604,130.5449
2016-10-25,Beijing,XGBoost,96.8559,82.8021
2016-10-29,Beijing,XGBoost,24.1632,45.1358
2016-10-30,Beijing,XGBoost,44.0799,28.7004
2016-10-31,Beijing,XGBoost,8.625,15.5471
2016-11-01,Beijing,XGBoost,41.1701,59.1059
2016-11-02,Beijing,XGBoost,100.066,54.9182
2016-11-03,Beijing,XGBoost,182.224,121.4576
2016-11-05,Beijing,XGBoost,180.0312,135.8054
2016-11-06,Beijing,XGBoost,71.8194,71.5175
2016-11-07,Beijing,XGBoost,39.6424,31.1694
2016-11-08,Beijing,XGBoost,35.0747,48.9997
2016-11-09,Beijing,XGBoost,148.1944,73.7953
2016-11-10,Beijing,XGBoost,155.9149,89.9312
2016-11-11,Beijing,XGBoost,78.2153,121.7746
2016-11-12,Beijing,XGBoost,74.7396,72.2545
2016-11-13,Beijing,XGBoost,94.0069,73.6555
2016-11-14,Beijing,XGBoost,43.1944,24.2795
2016-11-15,Beijing,XGBoost,39.2569,48.4478
2016-11-16,Beijing,XGBoost,97.4028,91.9479
2016-11-17,Beijing,XGBoost,114.5104,85.301
2016-11-18,Beijing,XGBoost,189.0312,98.1697
2016-11-19,Beijing,XGBoost,124.184,73.6894
2016-11-20,Beijing,XGBoost,54.9792,64.1557
2016-11-21,Beijing,XGBoost,9.6458,31.1535
2016-11-22,Beijing,XGBoost,8.1736,10.8304
2016-11-23,Beijing,XGBoost,18.934,11.3996
2016-11-24,Beijing,XGBoost,67.4427,53.3038
2016-11-25,Beijing,XGBoost,150.113,92.753
2016-11-26,Beijing,XGBoost,246.3391,163.4555
2016-11-27,Beijing,XGBoost,54.4039,68.5913
2016-11-28,Beijing,XGBoost,59.1753,113.8269
2016-11-29,Beijing,XGBoost,96.7222,71.9951
2016-11-30,Beijing,XGBoost,90.0451,78.145
2016-12-01,Beijing,XGBoost,27.8438,57.427
2016-12-02,Beijing,XGBoost,92.717,91.1677
2016-12-05,Beijing,XGBoost,49.7795,48.0765
2016-12-06,Beijing,XGBoost,76.3611,104.4335
2016-12-07,Beijing,XGBoost,121.1146,99.5217
2016-12-08,Beijing,XGBoost,92.1806,70.5948
2016-12-09,Beijing,XGBoost,21.9688,42.7173
2016-12-10,Beijing,XGBoost,47.4792,80.8492
2016-12-11,Beijing,XGBoost,160.4028,107.4895
2016-12-12,Beijing,XGBoost,221.566,205.6733
2016-12-13,Beijing,XGBoost,53.441,65.1482
2016-12-14,Beijing,XGBoost,24.6632,29.2823
2016-12-15,Beijing,XGBoost,25.9757,18.2339
2016-12-16,Beijing,XGBoost,105.9479,80.64
2016-12-23,Beijing,XGBoost,30.8507,77.9326
2016-12-24,Beijing,XGBoost,117.5312,77.1937
2016-12-26,Beijing,XGBoost,45.9236,38.9198
2016-12-27,Beijing,XGBoost,35.8733,36.121
2016-12-28,Beijing,XGBoost,63.9583,28.3178
2017-01-06,Beijing,XGBoost,193.9861,159.1548
2017-01-07,Beijing,XGBoost,165.9861,217.9254
2017-01-08,Beijing,XGBoost,37.3507,90.7796
2017-01-09,Beijing,XGBoost,32.6389,35.2704
2017-01-10,Beijing,XGBoost,23.9826,18.9458
2017-01-11,Beijing,XGBoost,57.8472,86.3421
2017-01-12,Beijing,XGBoost,44.0972,49.6181
2017-01-13,Beijing,XGBoost,13.2396,15.2808
2017-01-14,Beijing,XGBoost,23.7986,21.035
2017-01-15,Beijing,XGBoost,56.8194,70.6631
2017-01-16,Beijing,XGBoost,98.4514,116.6659
2017-01-17,Beijing,XGBoost,137.8976,144.3362
2017-01-18,Beijing,XGBoost,40.3368,74.9296
2017-01-19,Beijing,XGBoost,46.0833,18.9972
2017-01-20,Beijing,XGBoost,21.6875,29.1837
2017-01-21,Beijing,XGBoost,26.3611,12.7746
2017-01-22,Beijing,XGBoost,23.8403,41.8114
2017-01-23,Beijing,XGBoost,32.9444,55.8666
2017-01-24,Beijing,XGBoost,85.8576,80.1049
2017-01-25,Beijing,XGBoost,171.4939,134.8854
2017-01-26,Beijing,XGBoost,157.6814,85.6811
2017-01-29,Beijing,XGBoost,38.7917,28.4512
2017-01-30,Beijing,XGBoost,24.7708,18.7181
2017-01-31,Beijing,XGBoost,75.7188,45.1939
2017-02-01,Beijing,XGBoost,30.9184,30.5984
2017-02-03,Beijing,XGBoost,154.4453,118.3259
2017-02-05,Beijing,XGBoost,12.5417,65.1426
2017-02-06,Beijing,XGBoost,12.9549,21.1448
2017-02-07,Beijing,XGBoost,75.8611,75.3446
2017-02-08,Beijing,XGBoost,32.8403,15.582
2017-02-09,Beijing,XGBoost,6.908,8.1958
2017-02-10,Beijing,XGBoost,7.0972,12.3632
2017-02-11,Beijing,XGBoost,41.8108,36.4125
2017-02-12,Beijing,XGBoost,104.6476,97.201
2017-02-13,Beijing,XGBoost,80.3333,105.5154
2017-02-14,Beijing,XGBoost,177.0868,131.0808
2017-02-15,Beijing,XGBoost,231.1019,157.0409
2017-02-16,Beijing,XGBoost,107.9416,88.735
2017-02-17,Beijing,XGBoost,21.2153,22.642
2017-02-18,Beijing,XGBoost,83.9375,60.39
2017-02-19,Beijing,XGBoost,97.6111,48.1757
2017-02-20,Beijing,XGBoost,11.533,18.6409
2017-02-21,Beijing,XGBoost,61.3125,62.9221
2017-02-23,Beijing,XGBoost,17.3368,32.4187
2017-02-24,Beijing,XGBoost,25.4253,43.1569
2017-02-25,Beijing,XGBoost,11.3576,40.7264
2017-02-26,Beijing,XGBoost,27.7049,52.0656
